Filename,Sample.ID,mass_g,Sample.type,Unique.ID,Site,Cyromazine,Acephate,Dinotefuran,Thiabendazole,Thiamethoxam,Clothianidin,Mevinphos,Imidacloprid,Acetamiprid,Flupyradifurone,Thiacloprid,Sulfoxaflor,Tebuthiuron,Prometon,Cyanazine,Thiophanate.methyl,Ametryn,Methoprotryne,Bendiocarb,Malaoxon,Carbofuran,Pyrimethanil,Carbaryl,Fluometuron,Atrazine,Hydroxychlorothalonil,Sulfentrazone,Diuron,Metalaxyl,Cyantraniliprole,Metobromuron,Prometryn,Terbutryn,Metazachlor,Clomazone,Propazine,Chlorantraniliprole,Methiocarb,Phenmedipham,Fluazifop,Flumioxazin,Fludioxonil,Cyprodinil,Spirotetramat,Phosmet,Bromuconazole,Azoxystrobin,Myclobutanil,Fenamidone,Triadimefon,Boscalid,Fluxapyroxad,Mandipropamid,Fenhexamid,Napropamide,Fluopicolide,Tetraconazole,Tebuconazole,Spinosad,Fluopyram,Methoxyfenozide,Diflubenzuron,Fenbuconazole,Metolachlor,Metconazole,Flufenacet,Dimoxystrobin,Propiconazole,Fluoxastrobin,Fumagillin,Tebufenozide,Spinetoram,Triflumizole,Fipronil,Picoxystrobin,Difenoconazole,Penthiopyrad,Coumaphos,Pyraclostrobin,Thiobencarb,Hexaflumuron,Profenophos,Cyflufenamid,Indoxacarb,Trifloxystrobin,Piperonyl.butoxide,Tetramethrin,Fluazinam,Chlorpyrifos,Fenpyroximate,Amitraz,Avermectin.B1a
2020nov10_USDA_fungicides_2019_sample_230,Apple flower_23,1.75,Apple flower,,a,0,0,0,0.5,0,0,0,1,1.2,0,0,0,0,0,0,0,0,0,0,0,0,0,0.8,0,1,0,0,0,0,0,0,0,0,0,0,0,11.6,0,0,0,0,0,1000,0,0,0,3.8,0,0,0,0,11.2,0,0,0,0,0,0,0,0,0,0,5.4,0.5,0,0,0,0,0,0,0,0,0,0,0,3378.3,0,0,17.6,0,0,0,0,3,4416.7,0,0,0,0,0,0,0
2020nov10_USDA_fungicides_2019_sample_231,Apple flower_24,1.21,Apple flower,,a,0,0,0,0.5,0,0,0,0,0.5,0,0,0,0,0,0,0,0,0,0,0,0,0,0,0,0.5,0,0,0,0,0,0,0,0,0,0,0,8,0,0,0,0,0,624.4,0,0,0,2.9,0,0,0,0,9,0,0,0,0,0,0,0,0,0,0,3.5,0.5,0,0,0,0,0,0,0,0,0,0,0,3123.4,0,0,12.9,0,0,0,0,0,3412.6,0,0,0,0,0,0,0
2020nov10_USDA_fungicides_2019_sample_274,Dandelion flower_25,3.61,Dandelion flower,,a,0,0,0,0.2,0,0,0,1,0,0,0,0,0,0,0,0,0,0,0,0,0,0,0,0,0.2,0,0,0,0,0,0,0,0,0,0,0,1.9,0,0,0,0,0,66.6,0,0,0,0.6,0,0,0,0,3.1,0,0,0,0,0,0,0,0,0,0,2.3,0.5,0,0,0,0,0,0,0,0,0,0,0,457.7,0,0,1.7,0,0,0,0,0,1258.5,0,0,0,0,0,0,0
2020nov10_USDA_fungicides_2019_sample_275,Dandelion flower_26,3.39,Dandelion flower,,a,0,0,0,0.2,0,0,0,0,0,0,0,0,0,0,0,0,0,0,0,0,0,0,0,0,0.2,0,0,0,0,0,0,0,0,0,0,0,0.9,0,0,0,0,0,61.7,0,0,0,0.6,0,0,0,0,1.9,0,0,0,0,0,0,0,0,0,0,1,0.5,0,0,0,0,0,0,0,0,0,0,0,439.4,0,0,1.1,0,0,0,0,0,1171,0,0,0,0,0,0,0
2020nov10_USDA_fungicides_2019_sample_037,Bumblebee Queen_03,0.53,Bombus impatiens queen,BA517.CUBI1,a,0,0,0,0,0,0,0,0,0,0,0,0,0,0,0,0,0,0,0,0,0,0,0,0,0.01,0,0,0,0,0,0,0,0,0,0,0,0,0,0,0,0,0,3.2,0,0,0,0.01,0,0,0,0,0,0,0,0,0,0,0,0,0,0,0,0,0,0,0,0,0,0,0,0,0,0,0,0,52.6,0,0,0.3,0,0,0,0,0,152.7,0,0,0,0,0,0,0
2020nov10_USDA_fungicides_2019_sample_075,Xylocopa_03,0.305,Xylocopa virginica,BA517.PMXV1,a,0,0,0,0,0,0,0,0,0,0,0,0,0,0,0,0,0,0,0,0,0,0,0,0,0,0,0,0,0,0,0,0,0,0,0,0,0,0,0,0,0,0,1.4,0,0,0,0,0,0,0,0,0,0,0,0,0,0,0,0,0,0,0,0,0,0,0,0,0,0,0,0,0,0,0,0,14.8,0,0,0.4,0,0,0,0,0,43.2,0,0,0,0,0,0,0
2020nov10_USDA_fungicides_2019_sample_092,Bumblebee worker_07,0.115,Bombus impatiens worker,,a,0,0,0,0,0,0,0,0,0,0,0,0,0,0,0,0,0,0,0,0,0,0,0,0,0.01,0,0,0,0,0,0,0,0,0,0,0,0,0,0,0,0,0,0.01,0,0,0,0,0,0,0,0,0,0,0,0,0,0,0,0,0,0,0,0,0.04,0,0,0,0,0,0,0,0,0,0,0,1.1,0,0,0.7,0,0,0,0,0,0.7,0,0,0,0,0,0,0
2020nov10_USDA_fungicides_2019_sample_135,Small Andrena_12,0.021,Andrena sp.,BA520.NBAS1,a,0,0,0,0,0,0,0,0,0,0,0,0,0,0,0,0,0,0,0,0,0,0,0,0,0.01,0,0,0,0,0,0,0,0,0,0,0,0,0,0,0,0,0,0,0,0,0,0,0,0,0,0,0,0,0,0,0,0,0,0,0,0,0,0,0,0,0,0,0,0,0,0,0,0,0,0,0.04,0,0,0,0,0,0,0,0,11.5,0,0,0,0,0,0,0
2020nov10_USDA_fungicides_2019_sample_145,Large Andrena_21,0.102,Andrena (Melandrena),BA520.PMAM1,a,0,0,0,0,0,0,0,0,0,0,0,0,0,0,0,0,0,0,0,0,0,0,0,0,0.01,0,0,0,0,0,0,0,0,0,0,0,0,0,0,0,0,0,0.01,0,0,0,0,0,0,0,0,0,0,0,0,0,0,0,0,0,0,0,7.1,0.04,0,0,0,0,0,0,0,0,0,0,0,4.7,0,0,0,0,0,0,0,0,14.1,0,0,0,0,0,0,0
2020nov10_USDA_fungicides_2019_sample_209,Apple flower_03,1.69,Apple flower,,b,0,0,0,0,0,0,0,0,0,0,0,0,0,0,0,0,0,0,0,0,0,0.5,0,0,1,0,0,0,0,8.3,0,0,0,0,0,0,0.8,0,0,0,0,0,1000,0,0,0,0.4,0,0,0,0,29.8,0,0,0,0,0,0,0,0,0,0,0,0.5,0,0,0,0,0,0,0,0,0,0,0,2620.8,10.4,0,28.9,0,0,0,0,0,0.5,0,0,0,66.7,0,0,0
2020nov10_USDA_fungicides_2019_sample_210,Apple flower_04,1.69,Apple flower,,b,0,0,0,0,0,0,0,0,0,0,0,0,0,0,0,0,0,0,0,0,0,0.5,0,0,2.4,0,0,0,0,74.2,0,0,0,0,0,0,4.1,0,0,0,0,0,1000,0,0,0,0.2,0,0,0,0,196.9,0,0,0,0,0,0,0,0,0,0,1,0.5,0,0,0,0,0,0,0,0,0,0,0,10000,80.7,0,192.7,0,0,0,0,0,0.9,0,0,0,185.3,0,0,0
2020nov10_USDA_fungicides_2019_sample_272,Dandelion flower_23,2.1,Dandelion flower,,b,0,0,0,0,0,0,0,0,0,0,0,0,0,0,0,0,0,0,0,0,0,1.3,0,0,0.6,0,0,0,0,4.3,0,0,0,0,0,0,0.8,0,0,0,0,0,195.2,0,0,0,0,0,0,0,0,21.9,0,0,0,0,0,0,0,0,0,0,0,0.5,0,0,0,0,0,0,0,0,0,0,0,534.5,8,0,4.7,0,0,0,0,0,0.2,0,0,0,116.8,0,0,0
2020nov10_USDA_fungicides_2019_sample_273,Dandelion flower_24,1.96,Dandelion flower,,b,0,0,0,0,0,0,0,0,0,0,0,0,0,0,0,0,0,0,0,0,0,0.5,0,0,0.6,0,0,0,0,1.6,0,0,0,0,0,0,0,0,0,0,0,0,122.5,0,0,0,0,0,0,0,0,17.9,0,0,0,0,0,0,0,0,0,0,0,0.5,0,0,0,0,0,0,0,0,0,0,0,416.8,5,0,2.1,0,0,0,0,0,0.2,0,0,0,80.3,0,0,0
2020nov10_USDA_fungicides_2019_sample_044,Bumblebee Queen_10,0.444,Bombus impatiens queen,BD516.PMBI1,b,0,0,0,0,0,0,0,0,0,0,0,0,0,0,0,0,0,0,0,0,0,0,0,0,0.01,0,0,0,0,1.2,0,0,0,0,0,0,0.5,0,0,0,0,0,1.1,0,0,0,0,0,0,0,0,1.8,0,0,0,0,0,0,0,0,0,0,0,0.04,0,0,0,0,0,0,0,0,0,0,0,4,0.6,0,1.7,0,0,0,0,0,0,0,0,0,2.1,0,0,0
2020nov10_USDA_fungicides_2019_sample_081,Xylocopa_09,0.5,Xylocopa virginica,BD516.PKXV1,b,0,0,0,0,0,0,0,0,0,0,0,0,0,0,0,0,0,0,0,0,0,0,0,0,0.01,0,0,0,0,0.9,0,0,0,0,0,0,1.6,0,0,0,0,0,1,0,0,0,0,0,0,0,0,4.4,0,0,0,0,0,0,0,0,0,0,0,0,0,0,0,0,0,0,0,0,0,0,0,4.4,0.2,0,4.7,0,0,0,0,0,0.2,0,0,0,0,0,0,0
2020nov10_USDA_fungicides_2019_sample_095,Bumblebee worker_10,0.139,Bombus impatiens worker,,b,0,0,0,0,0,0,0,0,0,0,0,0,0,0,0,0,0,0,0,0,0,0,3.5,0,0.01,0,0,0,0,0,0,0,0,0,0,0,0,0,0,0,0,0,0.01,0,0,0,0,0,0,0,0,0,0,0,0,0,0,0,0,0,0,0,0,0,0,0,0,0,0,0,0,0,0,0,0,0.9,0,0,0,0,0,0,0,0.21,0,0,0,0,0,0,0,0
2020nov10_USDA_fungicides_2019_sample_120,Honeybee worker_14,0.094,Apis mellifera worker,,b,0,0,0,0,26.9,0,0,0,0,0,0,0,0,0,0,0,0,0,0,0,0,0,0,0,0,0,0,0,0,0,0,0,0,0,0,0,0,0,0,0,0,0,0,0,0,0,0,0,0,0,0,0,0,0,0,0,0,0,0,0,0,0,0,0,0,0,0,0,0,0,0,0,0,0,0,0,0,0,0,0,0,0,0,0,0,0,0,0,0,0,0,0
2020nov10_USDA_fungicides_2019_sample_126,Small Andrena_03,0.044,Andrena sp.,BD516.CUAS1,b,0,0,0,0,0,0,0,0,0,0,0,0,0,0,0,0,0,0,0,0,0,0,0,0,0.01,0,0,0,0,0.07,0,0,0,0,0,0,0,0,0,0,0,0,1.4,0,0,0,0,0,0,0,0,0,0,0,0,0,0,0,0,0,0,0,0,0,0,0,0,0,0,0,0,0,0,0,0,2.8,0.01,0,8.8,0,0,0,0,0,1.7,0,0,0,0,0,0,0
2020nov10_USDA_fungicides_2019_sample_157,Large Andrena_33,0.085,Andrena (Melandrena),BD516.CUAM1,b,0,0,0,0,0.04,0,0,0,0,0,0,0,0,0,0,0,0,0,0,0,0,0,0,0,0.01,0,0,0,0,21.5,0,0,0,0,0,0,0,0,0,0,0,0,1.1,0,0,0,0,0,0,0,0,0.14,0,0,0,0,0,0,0,0,0,0,0,0,0,0,0,0,0,0,0,0,0,0,0,4.5,0.6,0,2.2,0,0,0,0,0,0,0,0,0,0,0,0,0
2020nov10_USDA_fungicides_2019_sample_207,Apple flower_01,1.63,Apple flower,,c,0,0,0,6.4,0,0,0,4.4,0,0,0,0,0,0,0,0,0,0,0,0,0,2.2,0,0,0.7,0,0,0,0,0,0,0,0,0,0,0,0,0,0,0,0,0,11.3,0,0,0,0.2,0,0,0,0,13.8,0,0,0,0,0,0,0,0.3,0,0,1,0.5,0,0,0,0,0,0,0,0,0,0,0,20.4,0,0,10,0,0,0,0,0,0.2,0,0,0,0,0,0,0
2020nov10_USDA_fungicides_2019_sample_208,Apple flower_02,1.34,Apple flower,,c,0,0,0,3.8,0,0,0,0,0,0,0,0,0,0,0,0,0,0,0,0,0,2.2,0,0,0.7,0,0,0,0,0,0,0,0,0,0,0,0,0,0,0,0,0,16.2,0,0,0,0.2,0,0,0,0,8.3,0,0,0,0,0,0,0,0.3,0,0,0,0.5,0,0,0,0,0,0,0,0,0,0,0,31.8,0,0,5.3,0,0,0,0,0,0.2,0,0,0,0,0,0,0
2020nov10_USDA_fungicides_2019_sample_251,Dandelion flower_03,1.5,Dandelion flower,,c,0,0,0,12.4,0,0,0,0,0,0,0,0,0,0,0,0,0,0,0,0,0,0.5,0,0,0,0,0,0,0,0,0,0,0,0,0,0,0,0,0,0,0,0,1.6,0,0,0,0.9,0,0,0,0,6.3,0,0,0,0,0,0,0,0.1,0,0,0,0.5,0,0,0,0,0,0,0,0,0,0,0,4.5,0,0,0.8,0,0,0,0,0,0,0,0,0,0,0,0,0
2020nov10_USDA_fungicides_2019_sample_252,Dandelion flower_04,2.32,Dandelion flower,,c,0,0,3.6,8.2,0,0,0,0,0,0,0,0,0,0,0,0,0,0,0,0,0,0.9,0,0,0.4,0,0,0,0,0,0,0,0,0,0,0,0.8,0,0,0,0,0,4.5,0,0,0,0.7,0,0,0,0,0,0,0,0,0,0,0,0,0.1,0,0,0,0.5,0,0,0,0,0,0,0,0,0,0,0,11.4,0,0,3.1,0,0,0,0,0,0.2,0,0,0,0,0,0,0
2020nov10_USDA_fungicides_2019_sample_105,Bumblebee worker_20,0.18,Bombus impatiens worker,,c,0,0,0,0,0,0,0,0,0,0,0,0,0,0,0,0,0,0,0,0,0,0,0,0,0,0,0,0,0,0,0,0,0,0,0,0,0,0,0,0,0,0,0.01,0,0,0,0,0,0,0,0,0,0,0,0,0,0,0,0,0,0,0,0,0,0,0,0,0,0,0,0,0,0,0,0,2,0,0,0.2,0,0,0,0,0,2.2,0,0,0,0,0,0,0
2020nov10_USDA_fungicides_2019_sample_116,Honeybee worker_10,0.078,Apis mellifera worker,,c,0,0,0,0,57,0,0,83.2,0,0,0,0,0,0,0,0,0,0,0,0,0,0,32,0,0,0,0,0,0,0,0,0,0,0,0,0,0.06,0,0,0,0,0,0.01,0,0,0,0,0,0,0,0,0,0,0,0,0,0,0,0,13.2,0,0,0,0,0,0,0,0,0,0,0,0,0,0,0,1.6,0,0,0.6,0,0,0,0,0,138.7,0,0,0,0,0,0,0
2020nov10_USDA_fungicides_2019_sample_159,Large Andrena_35,0.092,Andrena (Melandrena),CB531.CUAM1,c,0,0,0,0,0.04,0,0,0,0,0,0,0,0,0,0,0,0,0,0,0,0,0.04,0,0,0.01,0,0,0,0,0,0,0,0,0,0,0,0,0,0,0,0,0,0.6,0,0,0,0,0,0,0,0,0.14,0,0,0,0,0,0,0,2.9,0,0,0,0.04,0,0,0,0,0,0,0,0,0,0,0,5.7,0,0,0.01,0,0,0,0,0,13.4,0,0,0,0,0,0,0
2020nov10_USDA_fungicides_2019_sample_213,Apple flower_07,0.9,Apple flower,,d,0,0,0,0.2,0,0,0,0,0,0,0,0,0,0,0,0,0,0,0,0,0,0.5,0,0,3,0,0,0,0,0,0,0,0,0,0,0,0,0,0,0,0,0,919.1,0,0,0,0.2,0,0,0,0,0,0,0,0,0,0,0,0,0,0,0,0,0.5,0,0,0,0,0,0,0,0,0,0,0,433.3,0.2,0,7.5,0,0,0,0,0,0,0,0,0,0,0,0,0
2020nov10_USDA_fungicides_2019_sample_214,Apple flower_08,1.03,Apple flower,,d,0,0,0,0,0,0,0,0,0,0,0,0,0,0,0,0,0,0,0,0,0,0.5,0,0,1.7,0,0,0,0,0,0,0,0,0,0,0,0,0,0,0,0,0,865,0,0,0,0,0,0,0,0,0,0,0,0,0,0,0,0,0,0,0,0,0,0,0,0,0,0,0,0,0,0,0,0,480.7,0.2,0,8,0,0,0,0,0,0,0,0,0,0,0,0,0
2020nov10_USDA_fungicides_2019_sample_259,Dandelion flower_11,1.4,Dandelion flower,,d,0,0,0,0.2,0,0,0,0,0,0,0,0,0,0,0,0,0,0,0,0,0,0,0,0,0.2,0,0,0,0,0,0,0,0,0,0,0,0,0,0,0,0,0,51.7,0,0,0,0,0,0,0,0,0,0,0,0,0,0,0,0,0,0,0,0,0,0,0,0,0,0,0,0,0,0,0,0,17.5,0,0,0,0,0,0,0,0,0.2,0,0,0,0,0,0,0
2020nov10_USDA_fungicides_2019_sample_260,Dandelion flower_12,1.05,Dandelion flower,,d,0,0,0,0.2,0,0,0,0,0,0,0,0,0,0,0,0,0,0,0,0,0,0,0,0,0.2,0,0,0,0,0,0,0,0,0,0,0,0,0,0,0,0,0,19.9,0,0,0,0,0,0,0,0,0,0,0,0,0,0,0,0,0,0,0,0,0,0,0,0,0,0,0,0,0,0,0,0,4.6,0,0,0,0,0,0,0,0,0.2,0,0,0,0,0,0,0
2020nov10_USDA_fungicides_2019_sample_039,Bumblebee Queen_05,0.761,Bombus impatiens queen,CU520.CUBI1,d,0,0,0,0,0,0,0,0,0,0,0,0,0,0,0,0,0,0,0,0,0,0,0,0,0.1,0,0,0,0,0,0,0,0,0,0,0,0.7,0,0,0,0,0,0.5,0,0,0,0,0,0,0,0,0.14,0,0,0,0,0,0,0,0,0,0,0,0,0,0,0,0,0,0,0,0,0,0,0,2.2,0,0,0.3,0,0,0,0,0,0.3,0,0,0,0,0,0,0
2020nov10_USDA_fungicides_2019_sample_077,Xylocopa_05,0.429,Xylocopa virginica,CU520.PKXV1,d,0,0,0,0.1,0,0,0,0,0,0,0,0,0,0,0,0,0,0,0,0,0,0,0,0,0.1,0,0,1.5,0,0,0,0,0,0,0,0,0.06,0,0,0,0,0,6.2,0,0.7,0,0.01,0,0,0,0,0.14,0,0,0,0,0,0,0,0,0,0,0.07,0,0,0,0,0,0,0,0,0,0,0,0,10.9,0,0,0.7,0,0,0,0,0,1.9,0,0,0,0,0,0,0
2020nov10_USDA_fungicides_2019_sample_089,Bumblebee worker_04,0.12,Bombus impatiens worker,,d,0,0,0,0,0,0,0,0,0,0,0,0,0,0,0,0,0,0,0,0,0,0,0.06,0,0,0,0,0,0,0,0,0,0,0,0,0,0,0,0,0,0,0,0.9,0,0,0,0,0,0,0,0,0,0,0,0,0,0,0,0,0,0,0,0,0,0,0,0,0,0,0,0,0,0,0,0,0.04,0,0,0,0,0,0,0,0.21,0,0,0,0,0,0,0,0
2020nov10_USDA_fungicides_2019_sample_117,Honeybee worker_11,0.083,Apis mellifera worker,,d,0,0,0,0,9.3,0,0,0,0,0,0,0,0,0,0,0,0,0,0,0,0,0,0.06,0,0,0,0,0,0,0,0,0,0,0,0,0,0,0,0,0,0,0,0,0,0,0,0,0,0,0,0,0,0,0,0,0,0,0,0,0,0,0,0,0,0,0,0,0,0,0,0,0,0,0,0,0,0,0,0,0,0,0,0,0,0,0,0,0,0,0,0,0
2020nov10_USDA_fungicides_2019_sample_133,Small Andrena_10,0.047,Andrena sp.,CU515.PMAS1,d,0,0,0,0,0,0,0,0,0,0,0,0,0,0,0,0,0,0,0,0,0,0,0,0,0,0,0,0,0,0,0,0,0,0,0,0,0,0,0,0,0,0,1,0,0,0,0,0,0,0,0,0,0,0,0,0,0,0,0,0,0,0,0,0,0,0,0,0,0,0,0,0,0,0,0,5.8,0,0,0,0,0,0,0,0,0,0,0,0,0,0,0,0
2020nov10_USDA_fungicides_2019_sample_152,Large Andrena_28,0.095,Andrena (Melandrena),CU515.PKAM2,d,0,0,0,0,0,0,0,0,0,0,0,0,0,0,0,0,0,0,0,0,0,0,0,0,0,0,0,0,0,0,0,0,0,0,0,0,0,0,0,0,0,0,0.01,0,0,0,0,0,0,0,0,0,0,0,0,0,0,0,0,0,0,0,0,0,0,0,0,0,0,0,0,0,0,0,0,1.6,0,0,0,0,0,0,0,0,0,0,0,0,0,0,0,0
2020nov10_USDA_fungicides_2019_sample_215,Apple flower_09,1.85,Apple flower,,e,0,0,0,0,0.5,0,0,0,1.3,0,0,0,0,0,0,0,0,0,0,0,0,14.1,11.9,0,0.3,0,0,0,0,0,0,0,0,0,0,0,3.4,0,0,0,0,0,1000,0,0,0,0.2,0,0,0,20,2,0,0,0,0,0,2,0,0.7,0,0,0,0.5,0,0,0,0,0,0,0,0,0,0,0,10000,0.5,0,31.7,0,0,0,0,0,0.2,0,0,0,0,0,0,0
2020nov10_USDA_fungicides_2019_sample_216,Apple flower_10,2.1,Apple flower,,e,0,0,0,0,0,0,0,0,1.4,0,0.5,0,0,0,0,0,0,0,0,0,0,9.5,11,0,1.1,0,0,0,0,0,0,0,0,0,0,0,1.6,0,0,0,0,0,1000,0,0,0,0.2,0,0,0,0,2,0,0,0,0,0,0,0,0.3,0,0,0,0.5,0,0,0,0,0,0,0,0,0,0,0,10000,0.3,0,14.8,0,0,0,0,0,0.2,0,0,0,0,0,0,0
2020nov10_USDA_fungicides_2019_sample_249,Dandelion flower_01,1.85,Dandelion flower,,e,0,0,0,0,0,0,0,0,0,0,0,0,0,0,0,0,0,0,0,0,0,2,0,0,0.2,0,0,0,0,0,0,0,0,0,0,0,0,0,0,0,0,0,1000,0,0,0,0,0,0,0,0,0,0,0,0,0,0,0,0,0.1,0,0,0,0,0,0,0,0,0,0,0,0,0,0,0,2508.4,0,0,1.3,0,0,0,0,0,0,0,0,0,0,0,0,0
2020nov10_USDA_fungicides_2019_sample_250,Dandelion flower_02,2.08,Dandelion flower,,e,0,0,0,0,0,0,0,0,0,0,0,0,0,0,0,0,0,0,0,0,0,1,0.8,0,0,0,0,0,0,0,0,0,0,0,0,0,0,0,0,0,0,0,212.4,0,0,0,0,0,0,0,0,0,0,0,0,0,0,0,0,0,0,0,0,0,0,0,0,0,0,0,0,0,0,0,0,812.5,0,0,0.3,0,0,0,0,0,0,0,0,0,0,0,0,0
2020nov10_USDA_fungicides_2019_sample_035,Bumblebee Queen_01,0.556,Bombus impatiens queen,CL517.PMBI1,e,0,0,0.07,0,0,0,0,0,0,0,0,0,0,0,0,0,0,0,0,0,0,0,0,0,0,0,0,0,0,0,0,0,0,0,0,0,0,0,0,0,0,0,17.8,0,0,0,0,0,0,0,0,1,0,0,0,0,0,0,0,0,0,0,0,0,0,0,0,0,0,0,0,0.04,0,0,0,143.4,0.01,0,1.4,0,0,0,0,0,0,0,0,0,0,0,0,0
2020nov10_USDA_fungicides_2019_sample_073,Xylocopa_01,0.509,Xylocopa virginica,CL517.PMXV1,e,0,0,0,0,9.1,0,0,0,0,0,0,0,0,0,0,0,0,0,0,0,0,0,0,0,0.01,0,0,0,0,0,0,0,0,0,0,0,0,0,0,0,0,0,5.5,0,0,0,0,0,0,0,0,0,0,0,0,0,0,0,0,0,0,0,0,0,0,0,0,0,0,0,0,0,0,0,0,40.5,0,0,0.3,0,0,0,0,0,0,0,0,0,0,0,0,0
2020nov10_USDA_fungicides_2019_sample_091,Bumblebee worker_06,0.121,Bombus impatiens worker,,e,0,0,0,0,0,0,0,0,0,0,0,0,0,0,0,0,0,0,0,0,0,0,19.7,0,0,0,0,0,0,0,0,0,0,0,0,0,0,0,0,0,0,0,0.01,0,0,0,0,0,0,0,0,0,0,0,0,0,0,0,0,0,0,0,0,0,0,0,0,0,0,0,0,0,0,0,0,2.2,0,0,0,0,0,0,0,0,0,0,0,0,0,0,0,0
2020nov10_USDA_fungicides_2019_sample_127,Small Andrena_04,0.021,Andrena sp.,CL517.PKAS1,e,0,0,0,0,0,0,0,0,0,0,0,0,0,0,0,0,0,0,0,0,0,0,0,0,0,0,0,0,0,0,0,0,0,0,0,0,0,0,0,0,0,0,14.7,0,0,0,0,0,0,0,0,0,0,0,0,0,0,0,0,0,0,0,0,0,0,0,0,0,0,0,0,0,0,0,0,114.9,0,0,0,0,0,0,0,0,0,0,0,0,0,0,0,0
2020nov10_USDA_fungicides_2019_sample_162,Large Andrena_38,0.067,Andrena (Melandrena),CL517.PMAM1,e,0,0,0,0,0,0,0,0,0,0,0,0,0,0,0,0,0,0,0,0,0,0,0,0,0,0,0,0,0,0,0,0,0,0,0,0,0,0,0,0,0,0,47.9,0,0,0,0.01,0,0,0,0,0,0,0,0,0,0,0,0,0,0,0,0,0,0,0,0,0,0,0,0,0,0,0,0,219.3,0,0,0.9,0,0,0,0,0,0,0,0,0,0,0,0,0
2020nov10_USDA_fungicides_2019_sample_223,Apple flower_17,1.55,Apple flower,,f,0,0,0,0.2,0,0,0,0,0,0,0,0,0,0,0,0,0,0,0,0,0,0,0,0,1.6,0,0,0,0,0,0,0,0,0,0,0,0.8,0,0,0,0,0,481.1,0,0,0,1.6,0,0,0,0,2,0,0,0,0,0,0,0,0,0,0,4155.6,1.5,0,0,0,0,0,0,0,0,0,0,0,2084.4,0,0,4.1,0,0,0,0,0,133.9,0,0,0,0,0,0,0
2020nov10_USDA_fungicides_2019_sample_224,Apple flower_18,1.34,Apple flower,,f,0,0,0,0.2,0,0,0,0,0,0,0,0,0,0,0,0,0,0,0,0,0,0,0,0,1.7,0,0,0,0,0,0,0,0,0,0,0,0.8,0,0,0,0,0,607.5,0,0,0,2.2,0,0,0,0,0,0,0,0,0,0,0,0,0,0,0,5251.5,1.5,0,0,0,0,0,0,0,0,0,0,0,2899.5,0,0,4.8,0,0,0,0,0,205.4,0,0,0,0,0,0,0
2020nov10_USDA_fungicides_2019_sample_280,Dandelion flower_31,1.87,Dandelion flower,,f,0,0,0,0.2,0,0,0,0,0,0,0,0,0,0,0,0,0,0,0,0,0,0,0,0,0.7,0,0,0,0,0,0,0,0,0,0,0,0.8,0,0,0,0,0,32.7,0,0,0,0.2,0,0,0,0,0,0,0,0,0,0,0,0,0,0,0,561.4,0.5,0,0,0,0,0,0,0,0,0,0,0,99,0,0,0.2,0,0,0,0,0,6.3,0,0,0,0,0,0,0
2020nov10_USDA_fungicides_2019_sample_281,Dandelion flower_32,1.02,Dandelion flower,,f,0,0,0,0.2,0,0,0,0,0,0,0,0,0,0,0,0,0,0,0,0,0,0,0,0,0.9,0,0,0,0,0,0,0,0,0,0,0,0.8,0,0,0,0,0,46.3,0,0,0,0,0,0,0,0,0,0,0,0,0,0,0,0,0,0,0,908,0.5,0,0,0,0,0,0,0,0,0,0,0,81.6,0,0,0,0,0,0,0,0,2.8,0,0,0,0,0,0,0
2020nov10_USDA_fungicides_2019_sample_046,Bumblebee Queen_12,0.618,Bombus impatiens queen,G520.TSBI1,f,0,0,0,0,0,0,0,0,0,0,0,0,0,0,0,0,0,0,0,0,0,0,0,0,0.1,0,0,0,0,0,0,0,0,0,0,0,0,0,0,0,0,0,3.3,0,0,0,0,0,0,0,0,0,0,0,0,0,0,0,0,0,0,0,32.9,0.04,0,0,0,0,0,0,0,0,0,0,0,10.6,0,0,0.01,0,0,0,0,0,0.2,0,0,0,0,0,0,0
2020nov10_USDA_fungicides_2019_sample_083,Xylocopa_11,0.406,Xylocopa virginica,G520.NBXV1,f,0,0,0,0.01,0,0,0,0,0,0,0,0,0,0,0,0,0,0,0,0,0,0,1.6,0,0.01,0,0,0,0,0,0,0,0,0,0,0,0,0,0,0,0,0,3.9,0,0,0,0,0,0,0,0,0,0,0,0,0,0,0,0,0,0,0,89.2,0.04,0,0,0,0,0,0,0,0,0,0,0,39.4,0,0,0.5,0,0,0,0,0,1.1,0,0,0,0,0,0,0
2020nov10_USDA_fungicides_2019_sample_090,Bumblebee worker_05,0.143,Bombus impatiens worker,,f,0,0,0,0,0,0,0,0,0,0,0,0,0,0,0,0,0,0,0,0,0,0,0,0,0,0,0,0,0,0,0,0,0,0,0,0,0,0,0,0,0,0,0.7,0,0,0,0,0,0,0,0,0,0,0,0,0,0,0,0,0,0,0,2.7,0,0,0,0,0,0,0,0,0,0,0,0,4.5,0,0,0,0,0,0,0,0,0,0,0,0,0,0,0,0
2020nov10_USDA_fungicides_2019_sample_129,Small Andrena_06,0.029,Andrena sp.,G520.NBAS3,f,0,0,0,0,0,0,0,0,0,0,0,0,0,0,0,0,0,0,0,0,0,0,0,0,0.01,0,0,0,0,0,0,0,0,0,0,0,0,0,0,0,0,0,0.01,0,0,0,0,0,0,0,0,0,0,0,0,0,0,0,0,0,0,0,0,0,0,0,0,0,0,0,0,0,0,0,0,4.7,0,0,0,0,0,0,0,0,10.1,0,0,0,0,0,0,0
2020nov10_USDA_fungicides_2019_sample_151,Large Andrena_27,0.091,Andrena (Melandrena),G520.NBAM1,f,0,0,0,0,0,0,0,0,0,0,0,0,0,0,0,0,0,0,0,0,0,0,0,0,3.9,0,0,0,0,0,0,0,0,0,0,0,0,0,0,0,0,0,1.2,0,0,0,0,0,0,0,0,0,0,0,0,0,0,0,0,0,0,0,21.1,0,0,0,0,0,0,0,0,0,0,0,0,7.8,0,0,0,0,0,0,0,0,0.01,0,0,0,0,0,0,0
2020nov10_USDA_fungicides_2019_sample_242,Apple flower_35,1.82,Apple flower,,g,0,0,0,0,37.8,2,0,0,0,0,0,0,0,0,0,0,0,0,0,0,0,3.4,0,0,0.6,0,0,0,0,0,0,0,0,0,0,0,0,0,0,0,0,0,1.6,0,0,0,0,0,0,0,0,0,0,0,0,0,0,0,0,0.1,0,0,0,0.5,0,0,0,0,0,0,0,0,0,0,0,5.5,0,0,0.2,0,0,0,0,0,0.6,0,0,0,0,0,0,0
2020nov10_USDA_fungicides_2019_sample_243,Apple flower_36,1.57,Apple flower,,g,0,0,0,0,0,0,0,0,0,0,0,0,0,0,0,0,0,0,0,0,0,0,0,0,0.6,0,0,0,0,0,0,0,0,0,0,0,0,0,0,0,0,0,1.3,0,0,0,6.1,0,0,0,0,6276.5,0,0,0,0,0,0,0,0,0,0,1,0,0,0,0,2,0,0,0,0,0,0,0,12.3,0,0,4000,0,0,0,0,0,0.2,0,0,0,30,0,0,0
2020nov10_USDA_fungicides_2019_sample_253,Dandelion flower_05,2.1,Dandelion flower,,g,0,0,0,0,0,0,0,0,0,0,0,0,0,0,0,0,0,0,0,0,0,0,0,0,0.4,0,0,0,0,0,0,0,0,0,0,0,0,0,0,0,0,0,0.4,0,0,0,0.5,0,0,0,0,1994.3,0,0,0,0,0,0,0,0,0,0,0,0,0,0,0,0,0,0,0,0,0,0,0,3.6,0,0,1468.7,0,0,0,0,0,0.2,0,0,0,0,0,0,0
2020nov10_USDA_fungicides_2019_sample_254,Dandelion flower_06,2.07,Dandelion flower,,g,0,0,0,0,0,0,0,0,0,0,0,0,0,0,0,0,0,0,0,0,0,0,0,0,0,0,0,0,0,0,0,0,0,0,0,0,0,0,0,0,0,0,0.2,0,0,0,0.2,0,0,0,0,847.4,0,0,0,0,0,0,0,0,0,0,0,0,0,0,0,0,0,0,0,0,0,0,0,1.8,0,0,628,0,0,0,0,0,0,0,0,0,0,0,0,0
2020nov10_USDA_fungicides_2019_sample_042,Bumblebee Queen_08,0.59,Bombus impatiens queen,IC516.SMBI1,g,0,0,0,0,0,0,0,0.07,0,0,0,0,0,0,0,0,0,0,0,0,0,0,0,0,0.01,0,0,0,0,0,0,0,0,0,0,0,0,0,0,0,0,0,0.2,0,0,0,0.2,0,0,0,0,184.2,0,0,0,0,0,0,0,0,0,0,0,0,0,0,0,0,0,0,0,0,0,0,0,0.5,0,0,241.9,0,0,0,0,0,0,0,0,0,2.1,0,0,0
2020nov10_USDA_fungicides_2019_sample_080,Xylocopa_08,0.462,Xylocopa virginica,IC516.SMXV1,g,0,0,0,0,4.1,0,0,0.07,0,0,0,0,0,0,0,0,0,0,0,0,0,0,0,0,0.8,0,0,0,0,0,0,0,0,0,0,0,0,0,0,0,0,0,0,0,0,0,0,0,0,0,0,8.1,0,0,0,0,0,0,0,0,0,0,0,0,0,0,0,0,0,0,0,0,0,0,0,0.2,0,0,11.3,0,0,0,0,0,0,0,0,0,0,0,0,0
2020nov10_USDA_fungicides_2019_sample_094,Bumblebee worker_09,0.137,Bombus impatiens worker,,g,0,0,0,0,0,0,0,0,0,0,0,0,0,0,0,0,0,0,0,0,0,0,0.06,0,0,0,0,0,0,0,0,0,0,0,0,0,0,0,0,0,0,0,0.01,0,0,0,0,0,0,0,0,0,0,0,0,0,0,0,0,0,0,0,0,0,0,0,0,0,0,0,0,0,0,0,0,0,0,0,0.4,0,0,0,0,0,0,0,0,0,0,0,0,0
2020nov10_USDA_fungicides_2019_sample_121,Honeybee worker_15,0.075,Apis mellifera worker,,g,0,0,0,0,0.04,0,0,0,0,0,0,0,0,0,0,0,0,0,0,0,0,0,21.7,0,0,0,0,0,0,0,0,0,0,0,0,0,0,0,0,0,0,0,0,0,0,0,0,0,0,0,0,0,0,0,0,0,0,0,0,0,0,0,0,0,0,0,0,0,0,0,0,0,0,0,0,0.04,0,0,0.6,0,0,0,0,8.5,0,0,0,0,0,0,0,0
2020nov10_USDA_fungicides_2019_sample_125,Small Andrena_02,0.021,Andrena sp.,IC516.PMAS1,g,0,0,0,0,0,0,0,0,0,0,0,0,0,0,0,0,0,0,0,0,0,0,0,0,0,0,0,0,0,0,0,0,0,0,0,0,0,0,0,0,0,0,0,0,0,0,0,0,0,0,0,103,0,0,0,0,0,0,0,0,0,0,0,0,0,0,0,0,0,0,0,0,0,0,0,0,0,0,151,0,0,0,0,0,0,0,0,0,0,0,0,0
2020nov10_USDA_fungicides_2019_sample_155,Large Andrena_31,0.084,Andrena (Melandrena),IC516.PKAM1,g,0,0,0,0,0,0,0,0,0,0,0,0,0,0,0,0,0,0,0,0,0,0,0,0,0,0,0,0,0,0,0,0,0,0,0,0,0,0,0,0,0,0,0,0,0,0,0.7,0,0,0,0,146,0,0,0,0,0,0,0,0,0,0,0,0,0,0,0,0,0,0,0,0,0,0,0,0,0,0,142.8,0,0,0,0,0,0,0,0,0,0,0,0,0
2020nov10_USDA_fungicides_2019_sample_225,Apple flower_19,1.57,Apple flower,,h,0,0,0,0.2,0,0,0,0,0,0,0,0,0,0,0,0,0,0,0,0,0,3.8,0,0,1.4,0,0,0,0,0,0,0,0,0,0,0,0,0,0,0,0,0,337.9,0,0,0,0,0,0,0,0,7.8,0,0,0,0,0,0,0,0.1,0,0,1,0.5,0,0,0,0,0,0,0,0,0,0,0,940.4,0,0,0.5,0,0,0,0,0,0.2,0,0,0,0,0,0,0
2020nov10_USDA_fungicides_2019_sample_226,Apple flower_20,1.25,Apple flower,,h,0,0,0,0,0,0,0,0,0,0,0,0,0,0,0,0,0,0,0,0,0,3.9,0,0,1.4,0,0,0,0,0,0,0,0,0,0,0,0.8,0,0,0,0,0,568.8,0,0,0,0,0,0,0,0,14.4,0,0,0,0,0,0,0,0.1,0,0,1,0.5,0,0,0,0,0,0,0,0,0,0,0,1826.8,0,0,1.1,0,0,0,0,0,0.2,0,0,0,0,0,0,0
2020nov10_USDA_fungicides_2019_sample_286,Dandelion flower_37,1.85,Dandelion flower,,h,0,0,0,0,0,0,0,0,0,0,0,0,0,0,0,0,0,0,0,0,0,0.5,0,0,0.2,0,0,0,0,0,0,0,0,0,0,0,0,0,0,0,0,0,29.2,0,0,0,0.2,0,0,0,0,2,0,0,0,0,0,0,0,0,0,0,0,0,0,0,0,0,0,0,0,0,0,0,0,55.9,0,0,0,0,0,0,0,0,0,0,0,0,0,0,0,0
2020nov10_USDA_fungicides_2019_sample_287,Dandelion flower_38,1.69,Dandelion flower,,h,0,0,0,0,0,0,0,0,0,0,0,0,0,0,0,0,0,0,0,0,0,0.5,0,0,0.6,0,0,0,0,0,0,0,0,0,0,0,0.8,0,0,0,0,0,31.5,0,0,0,0.2,0,0,0,0,2,0,0,0,0,0,0,0,0,0,0,0,0.5,0,0,0,0,0,0,0,0,0,0,0,61.2,0,0,0.2,0,0,0,0,0,0,0,0,0,0,0,0,0
2020nov10_USDA_fungicides_2019_sample_084,Xylocopa_12,0.495,Xylocopa virginica,X522.CUXV1,h,0,0,0,0.3,0,0,0,0,0,0,0,0,0,0,0,0,0,0,0,0,0,0,0.06,0,0.01,0,0,0,0,0,0,0,0,0,0,0,0.6,0,0,0,0,0,1.1,0,0.7,0,0,0,0,0,0,4.4,0,0,0,0,0,0,0,0.01,0,0,2.2,0,0,0,0,0,0,0,0,0,0,0,0,12.4,0,0,0.2,0,0,0,0,0,1.5,0,0,0,0,0,0,0
2020nov10_USDA_fungicides_2019_sample_102,Bumblebee worker_17,0.086,Bombus impatiens worker,,h,0,0,0,0,5.4,0,0,0,0,0,0,0,0,0,0,0,0,0,0,0,0,0,0,0,0,0,0,0,0,0,0,0,0,0,0,0,0,0,0,0,0,0,0,0,0,0,0,0,0,0,0,0,0,0,0,0,0,0,0,0,0,0,0,0,0,0,0,0,0,0,0,0,0,0,0,0.04,0,0,0,0,0,0,0,0,0,0,0,0,0,0,0,0
2020nov10_USDA_fungicides_2019_sample_109,Honeybee worker_03,0.131,Apis mellifera worker,,h,0,0,0,0,0,0,0,0,0,0,0,0,0,0,0,0,0,0,0,0,0,0,0,0,0,0,0,0,0,0,0,0,0,0,0,0,0,0,0,0,0,0,1.7,0,0,0,0,0,0,0,0,0,0,0,0,0,0,0,0,0,0,0,0.07,0,0,0,0,0,0,0,0,0,0,0,0,10.8,0,0,2.4,0,0,0,0,28.4,12.5,0,0,0,0,0,0,0
2020nov10_USDA_fungicides_2019_sample_140,Small Andrena_17,0.023,Andrena sp.,X522.PKAS1,h,0,0,0,0,0,0,0,9.3,0,0,0,0,0,0,0,0,0,0,0,0,0,0,0,0,32.8,0,0,0,0,0,0,0,0,0,0,0,40.8,0,0,0,0,0,385.3,0,0,0,0,0,0,0,0,97.2,0,0,0,0,0,0,0,0,0,0,139.5,0,0,0,0,0,0,0,0,0,0,0,0,1465.9,0,0,85.8,0,0,0,0,35.1,5,0,0,0,0,0,0,0
2020nov10_USDA_fungicides_2019_sample_153,Large Andrena_29,0.126,Andrena (Melandrena),X522.PKAM1,h,0,0,0,0,0,0,0,0,0,0,0,0,0,0,0,0,0,0,0,0,0,7.5,0,0,2.7,17.3,0,0,0,0,0,0,0,0,0,0,0,0,0,0,0,0,13.2,0,0,0,0,0,0,0,0,4,0,0,0,0,0,0,0,0.3,0,0,0,1.2,0,0,0,0,0,0,0,0,0,0,0,78.5,0,0,0.8,0,0,0,0,0,1,0,0,0,0,0,0,0
2020nov10_USDA_fungicides_2019_sample_217,Apple flower_11,1.35,Apple flower,,i,0,0,0,0.5,0,0,0,0,0,0,0,0,0,0,0,0,0,0,0,0,0,0,0,0,0.9,0,0,0,0,0,0,0.2,0,0,0,0,0,0,0,0,0,0,288.2,0,0,0,0,0,0,0,0,0,0,0,0,0,0,0,0,0,0,0,1,0.5,0,0,0,0,0,0,0,0,0,0,0,617.6,0,0,0.2,0,0,0,0,0,0.2,0,0,0,0,0,0,0
2020nov10_USDA_fungicides_2019_sample_218,Apple flower_12,1.49,Apple flower,,i,0,0,0,0.5,0,0,0,0,0,0,0,0,0,0,0,0,0,0,0,0,0,0.5,0,0,1.3,0,0,0,0,0,0,0,0,0,0,0,0,0,0,0,0,0,343.4,0,0,0,0,0,0,0,0,0,0,0,0,0,0,0,0,0,0,0,1,0.5,0,0,0,0,0,0,0,0,0,0,0,798.4,0,0,0,0,0,0,0,0,0.2,0,0,0,0,0,0,0
2020nov10_USDA_fungicides_2019_sample_255,Dandelion flower_07,1.84,Dandelion flower,,i,0,0,0,0.2,0,0,0,0,0,0,0,0,0,0,0,0,0,0,0,0,0,0,0,0,0,0,0,0,0,0,0,0,0,0,0,0,0,0,0,0,0,0,23,0,0,0,0,0,0,0,0,0,0,0,0,0,0,0,0,0,0,0,0,0.5,0,0,0,0,0,0,0,0,0,0,0,39.9,0,0,0,0,0,0,0,0,0,0,0,0,0,0,0,0
2020nov10_USDA_fungicides_2019_sample_256,Dandelion flower_08,1.72,Dandelion flower,,i,0,0,0,0.4,0,0,0,0,0,0,0,0,0,0,0,0,0,0,0,0,0,0,0,0,0.5,0,0,0,0,0,0,0,0,0,0,0,0,0,0,0,0,0,17,0,0,0,0,0,0,0,0,0,0,0,0,0,0,0,0,0,0,0,0,0.5,0,0,0,0,0,0,0,0,0,0,0,41.4,0,0,0,0,0,0,0,0,0,0,0,0,0,0,0,0
2020nov10_USDA_fungicides_2019_sample_040,Bumblebee Queen_06,0.553,Bombus impatiens queen,Z522.CUBI1,i,0,0,0,0,0,0,0,0,0,0,0,0,0,0,0,0,0,0,0,0,0,0,0,0,0.6,0,0,0,0,0,0,0,0,0,0,0,0,0,0,0,0,0,1,0,0,0,0,0,0,0,0,3,0,0,0,0,0,0,0,0,0,0,0.07,0,0,0,0,0,0,0,0,0,0,0,0,10.5,0,0,0.1,0,0,0,0,0,1.2,0,0,0,0,0,0,0
2020nov10_USDA_fungicides_2019_sample_078,Xylocopa_06,0.432,Xylocopa virginica,Z522.PMXV1,i,0,0,0,0,0,0,0,0,0,0,0,0,0,0,0,0,0,0,0,0,0,0,0.4,0,0.01,0,0,0,0,0,0,0,0,0,0,0,0.06,0,0,0,0,0,2.2,0,0,0,0,0,0,0,0,0,0,0,0,0,0,0,0,0,0,0,1.2,0,0,0,0,0,0,0,0,0,0,0,0,13.2,0.01,0,0.01,0,0,0,0,0,0.3,0,0,0,2.1,0,0,0
2020nov10_USDA_fungicides_2019_sample_098,Bumblebee worker_13,0.121,Bombus impatiens worker,,i,0,0,0,0,0,0,0,0,0,0,0,0,0,0,0,0,0,0,0,0,0,0,0,0,0,0,0,0,0,0,0,0,0,0,0,0,0,0,0,0,0,0,0.01,0,0,0,0,0,0,0,0,0,0,0,0,0,0,0,0,0,0,0,0,0,0,0,0,0,0,0,0,0,0,0,0,2.3,0,0,0.7,0,0,0,0,0,0.6,0,0,0,0,0,0,0
2020nov10_USDA_fungicides_2019_sample_114,Honeybee worker_08,0.148,Apis mellifera worker,,i,0,0,0,0,22.7,0,0,0,0,0,0,0,0,0,0,0,0,0,0,0,0,0,0,0,0.01,0,0,0,0,0,0,0,0,0,0,0,0,0,0,0,0,0,6.6,0,0,0,0,0,0,0,0,0,0,0,0,0,0,0,0,0,0,0,0,0,0,0,0,0,0,0,0,0,0,0,0,18.8,0,0,1.8,0,0,0,0,65.3,24.9,0,0,0,2.1,0,0,0
2020nov10_USDA_fungicides_2019_sample_136,Small Andrena_13,0.042,Andrena sp.,Z522.SMAS1,i,0,0,0,0,0,0,0,0,0,0,0,0,0,0,0,0,0,0,0,0,0,0,0,0,0,0,0,0,0,0,0,0,0,0,0,0,0,0,0,0,0,0,1.8,0,0,0,0,0,0,0,0,0,0,0,0,0,0,0,0,0,0,0,0,0,0,0,0,0,0,0,0,0,0,0,0,13.1,0,0,0,0,0,0,0,0,0,0,0,0,0,0,0,0
2020nov10_USDA_fungicides_2019_sample_147,Large Andrena_23,0.13,Andrena (Melandrena),Z522.SMAM2,i,0,0,0,0,0,0,0,0,0,0,0,0,0,0,0,0,0,0,0,0,0,0,0,0,0.01,0,0,0,0,0,0,0,0,0,0,0,2,0,0,0,0,0,8.6,0,0,0,0,0,0,0,0,0.14,0,0,0,0,0,0,0,0,0,0,0,0.04,0,0,0,0,0,0,0,0,0,0,0,45.8,0,0,0.6,0,0,0,0,0,0.01,0,0,0,0,0,0,0
2020nov10_USDA_fungicides_2019_sample_236,Apple flower_29,1.54,Apple flower,,j,0,0,0,0,0,0,0,0,0,0,0,0,0,0,0,0,0,0,0,0,0,2.2,0,0,1.7,10,0,0,0,0,0,0,0,0,0,0,2,0,0,0,0,0,1000,0,0,0,0.2,0,0,0,0,0,0,0,0,0,0,0,0,0.1,0,0,7.2,6.4,0,0,0,0,0,0,0,0,0,0,0,10000,0.2,0,0.5,0,0,0,0,0,0.6,0,0,0,0,0,0,0
2020nov10_USDA_fungicides_2019_sample_237,Apple flower_30,1.41,Apple flower,,j,0,0,0,0,0,0,0,0,0,0,0,0,0,0,0,0,0,0,0,0,0,2.4,0,0,2.2,10,0,0,0,0,0,0,0,0,0,0,2.1,0,0,0,0,0,1000,0,0,0,0.2,0,0,0,0,0,0,0,0,0,0,0,0,0.1,0,0,7.8,7.1,0,0,0,0,0,0,0,0,0,0,0,10000,0,0,0.5,0,0,0,0,0,0.6,0,0,0,0,0,0,0
2020nov10_USDA_fungicides_2019_sample_265,Dandelion flower_17,1.93,Dandelion flower,,j,0,0,0,0,0,0,0,0,0,0,0,0,0,0,0,0,0,0,0,0,0,0.5,0,0,2,10,0,0,0,0,0,0,0,0,0,0,0.8,0,0,0,0,0,1000,0,0,0,0,0,0,0,0,0,0,0,0,0,0,0,0,0.1,0,0,1,1.3,0,0,0,0,0,0,0,0,0,0,0,10000,0,0,0.2,0,0,0,0,0,0.5,0,0,0,0,0,0,0
2020nov10_USDA_fungicides_2019_sample_266,Dandelion flower_18,1.88,Dandelion flower,,j,0,0,0,0,0,0,0,0,0,0,0,0,0,0,0,0,0,0,0,0,0,0.5,0,0,0.2,0,0,0,0,0,0,0,0,0,0,0,0.8,0,0,0,0,0,1000,0,0,0,0,0,0,0,0,0,0,0,0,0,0,0,0,0,0,0,1,1,0,0,0,0,0,0,0,0,0,0,0,3649.4,0,0,0.2,0,0,0,0,0,0,0,0,0,0,0,0,0
2020nov10_USDA_fungicides_2019_sample_049,Bumblebee Queen_15,0.643,Bombus impatiens queen,LB524.CUBI1,j,0,0,0,0,0,0,0,0,0.3,0,0,0,0.01,0,0,0.5,0,0,0,0,0,0,0,0,0.01,56.2,0,0,0,0,0,0,0,0,0,0,0,0,0,0,0,0,4.7,0,0,0,0,0,0,0,0,19.4,0,0,0,0,0,0,0,0,0,0,0.6,0,0,0,0,0,0,0,0,0,0,0,0,90.5,0,0,16.7,0,0,0,0,0,0.1,0,0,0,2.1,0,0,0
2020nov10_USDA_fungicides_2019_sample_100,Bumblebee worker_15,0.094,Bombus impatiens worker,,j,0,0,0,0,26.9,0,0,0,0,0,0,0,0,0,0,0,0,0,0,0,0,0,0,0,0,0.7,0,0,0,0,0,0,0,0,0,0,0,0,0,0,0,0,0.01,0,0,0,0,0,0,0,0,0,0,0,0,0,0,0,0,0,0,0,0,0,0,0,0,0,0,0,0,0,0,0,0,1.7,0,0,0,0,0,0,0,0,0.6,0,0,0,0,0,0,0
2020nov10_USDA_fungicides_2019_sample_111,Honeybee worker_05,0.166,Apis mellifera worker,,j,0,0,0,0,57.2,0,0,0,0,0,0,0,0,0,0,0,0,0,0,0,0,0,0,0,0,63.6,0,0,0,0,0,0,0,0,0,0,0,0,0,0,0,0,7.2,0,0,0,0,0,0,0,0,0.14,0,0,0,0,0,0,0,0.2,0,0,0,0,0,0,0,0,0,0,0,0,0,0,0,23.8,0.8,0,2.8,0,0,0,0,0,28.8,0,0,0,2.1,0,0,0
2020nov10_USDA_fungicides_2019_sample_137,Small Andrena_14,0.05,Andrena sp.,LB523.NBAS1,j,0,0,0,0,0,0,0,0,0,0,0,0,0,0,0,0,0,0,0,0,0,0,0,0,0,924.2,0,0,0,0,0,0,0,0,0,0,0.06,0,0,0,0,0,111.8,0,0,0,0,0,0,0,0,0,0,0,0,0,0,0,0,0,0,0,0,0.04,0,0,0,0,0,0,0,0,0,0,0,407,0,0,1.8,0,0,0,0,0,0.01,0,0,0,0,0,0,0
2020nov10_USDA_fungicides_2019_sample_156,Large Andrena_32,0.114,Andrena (Melandrena),LB524.PKAM2,j,0,0,0,0.01,0,0,0,0,0.04,0,0,0,0,0,0,0.9,0,0,0,0,0,0,0,0,0.01,49.5,0,0,0,0,0,0,0,0,0,0,0,0,0,0,0,0,6.8,0,0,0,0,0,0,0,0,0.14,0,0,0,0,0,0,0,0,0,0,1.9,0,0,0,0,0,0,0,0,0,0,0,0,33.9,0,0,1.4,0,0,0,0,0,1.8,0,0,0,0,0,0,0
2020nov10_USDA_fungicides_2019_sample_211,Apple flower_05,1.82,Apple flower,,k,0,0,0,0,0,0,0,0,0,0,0,0,0,0,0,0,0,0,0,0,0,0,0,0,1.5,0,0,0,0,0,0,0,0,0,0,0,0,0,0,0,0,0,0,0,4000,0,0.2,0,0,0,0,0,0,0,0,0,0,0,0,43.3,0,0,1,0.5,0,0,0,0,0,0,0,0,0,0,0,1.3,0,0,0,0,0,0,0,0,278.1,0,0,0,0,0,0,0
2020nov10_USDA_fungicides_2019_sample_212,Apple flower_06,1.66,Apple flower,,k,0,0,0,0,0,0,0,0,0,0,0,0,0,0,0,0,0,0,0,0,0,0,0,0,0.9,0,0,0,0,0,0,0,0,0,0,0,0,0,0,0,0,0,0,0,819,0,0,0,0,0,0,0,0,0,0,0,0,0,0,28.7,0,0,1,0.5,0,0,0,0,0,0,0,0,0,0,0,0,0,0,0,0,0,0,0,0,189.7,0,0,0,0,0,0,0
2020nov10_USDA_fungicides_2019_sample_267,Dandelion flower_19,1.85,Dandelion flower,,k,0,0,0,0,0,0,0,0,0,0,0,0,0,0,0,0,0,0,0,0,0,0,0,0,0.2,0,0,0,0,0,0,0,0,0,0,0,0,0,0,0,0,0,0,0,131.9,0,0,0,0,0,0,0,0,0,0,0,0,0,0,4.8,0,0,0,0,0,0,0,0,0,0,0,0,0,0,0,1.3,0,0,0,0,0,0,0,0,10,0,0,0,0,0,0,0
2020nov10_USDA_fungicides_2019_sample_268,Dandelion flower_20,2.19,Dandelion flower,,k,0,0,0,0,0,0,0,0,0,0,0,0,0,0,0,0,0,0,0,0,0,0,0,0,0.2,0,0,0,0,0,0,0,0,0,0,0,0,0,0,0,0,0,0,0,32.8,0,0,0,0,0,0,0,0,0,0,0,0,0,0,2.8,0,0,0,0.5,0,0,0,0,0,0,0,0,0,0,0,0.5,0,0,0,0,0,0,0,0,4.7,0,0,0,0,0,0,0
2020nov10_USDA_fungicides_2019_sample_036,Bumblebee Queen_02,0.666,Bombus impatiens queen,LT517.PMBI1,k,0,0,0,0,0,0,0,0,0,0,0,0,0,0,0,0.04,0,0,0,0,0,0,0,0,0,0,0,0,0,0,0,0,0,0,0,0,0,0,0,0,0,0,0.1,0,25.2,0,0.1,0,0,0,0,0,0,0,0,0,0,0,0,0.2,0,0,0,0,0,0,0,0,0,0,0,0,0,0,0,2.7,0,0,0.1,0,0,0,0,0,7.2,0,0,0,0,0,0,0
2020nov10_USDA_fungicides_2019_sample_074,Xylocopa_02,0.431,Xylocopa virginica,LT517.PKXV1,k,0,0,0,0.3,0,0,0,0,0,0,0,0,0,0,0,0,0,0,0,0,0,0,0,0,0.01,0,0,0,0,0,0,0,0,0,0,0,0,0,0,0,0,0,0.2,0,9.3,0,0,0,0,0,0,0,0,0,0,0,0,0,0,0.01,0,0,0,0,0,0,0,0,0,0,0,0,0,0,0,1.1,0,0,0.1,0,0,0,0,0,0.8,0,0,0,0,0,0,0
2020nov10_USDA_fungicides_2019_sample_086,Bumblebee worker_01,0.089,Bombus impatiens worker,,k,0,0,0,0,0,0,0,0,0,0,0,0,0,0,0,0,0,0,0,0,0,0,0,0,0,0,0,0,0,0,0,0,0,0,0,0,0,0,0,0,0,0,0,0,0,0,0,0,0,0,0,0,0,0,0,0,0,0,0,0,0,0,0,0,0,0,0,0,0,0,0,0,0,0,0,0,0,0,0,0,0,0,0,0,0,0,0,0,0,0,0,0
2020nov10_USDA_fungicides_2019_sample_118,Honeybee worker_12,0.085,Apis mellifera worker,,k,0,0,0,0,93.7,0,0,0,0,0,0,0,0,0,0,0,0,0,0,0,0,0,0,0,0,0,0,0,0,0,0,0,0,0,0,0,0,0,0,0,0,0,0,0,0,0,0,0,0,0,0,0,0,0,0,0,0,0,0,0,0,0,0,0,0,0,0,0,0,0,0,0,0,0,0,0,0,0,0,0,0,0,0,0,0.01,0,0,0,0,0,0,0
2020nov10_USDA_fungicides_2019_sample_128,Small Andrena_05,0.046,Andrena sp.,LT517.CUAS1,k,0,0,0,1.4,0,0,0,0,0,0,0,0,0,0,0,0,0,0,0,0,0,0,0,0,0,0,0,0,0,0,0,0,0,0,0,0,0,0,0,0,0,0,0,0,0.7,0,0,0,0,0,0,0,0,0,0,0,0,0,0,0,0,0,0,0,0,0,0,0,0,0,0,0,0,0,0,0.04,0,0,0,0,0,0,0,0,4.2,0,0,0,0,0,0,0
2020nov10_USDA_fungicides_2019_sample_154,Large Andrena_30,0.11,Andrena (Melandrena),LT517.CUAM1,k,0,0,0,0,0,0,0,0,0,0,0,0,0,0,0,0,0,0,0,0,0,0,0,0,0,0,0,0,0,0,0,0,0,0,0,0,0,0,0,0,0,0,0.4,0,35.1,0,0.01,0,0,0,0,0,0,0,0,0,0,0,0,0.01,0,0,0,0,0,0,0,0,0,0,0,0,0,0,0,5,0,0,0.01,0,0,0,0,0,3,0,0,0,0,0,0,0
2020nov10_USDA_fungicides_2019_sample_232,Apple flower_25,1.64,Apple flower,,l,0,0,0,0.2,128,11.7,0,0,0,0,0,0,0,0,0,0,0,0,0,0,0,10000,0,0,1.5,0,0,0,0,0,0,0,0,0,0,0,0.8,0,0,0,0,0,2.6,0,0,0,0.2,0,0,0,0,2,0,0,0,0,0,0,0,1000,0,0,2.6,1.4,0,0,0,0,0,0,0,0,0,0,0,6.3,0,0,2.9,0,0,0,0,0,4.1,0,0,0,0,0,0,0
2020nov10_USDA_fungicides_2019_sample_233,Apple flower_26,1.66,Apple flower,,l,0,0,0,0,0,0,0,0,0,0,0,0,0,0,0,0,0,0,0,0,0,10000,0,0,0,0,0,0,0,0,0,0,0,0,0,0,0,0,0,0,0,0,0.6,0,0,0,0,0,0,0,0,0,0,0,0,0,0,0,0,1000,0,0,0,0.5,0,0,0,0,0,0,0,0,0,0,0,1.4,0,0,0.8,0,0,0,0,0,0.5,0,0,0,0,0,0,0
2020nov10_USDA_fungicides_2019_sample_282,Dandelion flower_33,1.42,Dandelion flower,,l,0,0,0,0.2,4.1,2,0,0,0,0,0,0,0,0,0,0,0,0,0,0,0,10000,0,0,0.2,0,0,0,0,0,0,0,0,0,0,0,0.8,0,0,0,0,0,0.9,0,0,0,0,0,0,0,0,2,0,0,0,0,0,0,0,578.4,0,0,0,0.5,0,0,0,0,0,0,0,0,0,0,0,2.1,0,0,0.5,0,0,0,0,0,0.8,0,0,0,0,0,0,0
2020nov10_USDA_fungicides_2019_sample_283,Dandelion flower_34,1.88,Dandelion flower,,l,0,0,0,0.8,6,2,0,0,0,0,0,0,0,0,0,0,0,0,0,0,0,10000,0,0,0.2,0,0,0,0,0,0,0,0,0,0,0,1.4,0,0,0,0,0,0.9,0,0,0,0,0,0,0,0,2,0,0,0,0,0,0,0,1000,0,0,0,0.8,0,0,0,0,0,0,0,0,0,0,0,2.4,0,0,1.1,0,0,0,0,0,1.2,0,0,0,0,0,0,0
2020nov10_USDA_fungicides_2019_sample_104,Bumblebee worker_19,0.094,Bombus impatiens worker,,l,0,0,0,0,0,0,0,0,0,0,0,0,0,0,0,0,0,0,0,0,0,4.7,0,0,0,0,0,0,0,0,0,0,0,0,0,0,0,0,0,0,0,0,0,0,0,0,0,0,0,0,0,0,0,0,0,0,0,0,0,0,0,0,0,0,0,0,0,0,0,0,0,0,0,0,0,0,0,0,0,0,0,0,0,0,0,0,0,0,0,0,0,0
2020nov10_USDA_fungicides_2019_sample_107,Honeybee worker_01,0.095,Apis mellifera worker,,l,0,0,0,0,1.2,0,0,0,0,0,0,0,0,0,0,0,0,0,0,0,0,2.9,0,0,0,0,0,0,0,3.5,0,0,0,0,0,0,21.2,0,0,0,0,0,0,0,0,0,0,0,0,0,0,0,0,0,0,0,0,0,0,0,0,0,0,0,0,0,0,0,0,0,0,0,0,0,0,0,0,0,0.6,0,0,0,0,0.21,0.01,0,0,0,0,0,0,0
2020nov10_USDA_fungicides_2019_sample_131,Small Andrena_08,0.056,Andrena sp.,M531.PKAS3,l,0,0,0,0,4.1,0,0,6.8,0,0,0,0,0,0,0,0,0,0,0,0,0,133.5,0,0,0.01,0,0,0,0,0,0,0,0,0,0,0,287,0,0,0,0,0,0,0,0,0,0,0,0,0,0,0,0,0,0,0,0,0,0,2.2,0,0,0,0.04,0,0,0,0,0,0,0,0,0,0,0,0.04,0,0,0.01,0,0,0,0,79,3.1,0,0,0,0,0,0,0
2020nov10_USDA_fungicides_2019_sample_240,Apple flower_33,1.62,Apple flower,,m,0,0,0,0.2,0,0,0,0,0,0,0,0,0,0,0,0,0,0,0,0,0,0,0,0,2.4,0,0,0,0,0,0,0,0,0,0,0,0,0,0,0,0,0,13.4,0,0,0,0,0,0,0,0,0,0,0,0,0,0,0,0,0,0,0,0,0.5,0,0,0,0,0,0,0,0,0,0,0,23.6,0,0,0.2,0,0,0,0,0,0.2,0,0,0,0,0,0,0
2020nov10_USDA_fungicides_2019_sample_241,Apple flower_34,1.62,Apple flower,,m,0,0,0,0,57.6,5.7,0,0,0,0,0,0,0,0,0,0,0,0,0,0,0,5.3,0,0,1.6,0,0,0,0,0,0,0,0,0,0,0,0,0,0,0,0,0,1.9,0,0,0,0,0,0,0,0,0,0,0,0,0,0,0,0,0.2,0,0,0,0.5,0,0,0,0,0,0,0,0,0,0,0,6.8,0,0,0.5,0,0,0,0,0,2.2,0,0,0,0,0,0,0
2020nov10_USDA_fungicides_2019_sample_261,Dandelion flower_13,2.12,Dandelion flower,,m,0,0,0,0,1.2,2,0,0,0,0,0,0,0,0,0,0,0,0,0,0,0,0.8,0,0,0.5,0,0,0,0,0,0,0,0,0,0,0,0,0,0,0,0,0,0.6,0,0,0,0,0,0,0,0,0,0,0,0,0,0,0,0,0.1,0,0,0,0.5,0,0,0,0,0,0,0,0,0,0,0,2.2,0,0,0.2,0,0,0,0,0,0.2,0,0,0,0,0,0,0
2020nov10_USDA_fungicides_2019_sample_262,Dandelion flower_14,1.86,Dandelion flower,,m,0,0,0,0,0.9,0,0,0,0,0,0,0,0,0,0,0,0,0,0,0,0,0.8,0,0,0.2,0,0,0,0,0,0,0,0,0,0,0,0,0,0,0,0,0,1.2,0,0,0,0,0,0,0,0,0,0,0,0,0,0,0,0,0,0,0,0,0.5,0,0,0,0,0,0,0,0,0,0,0,4.4,0,0,0,0,0,0,0,0,0,0,0,0,0,0,0,0
2020nov10_USDA_fungicides_2019_sample_097,Bumblebee worker_12,0.123,Bombus impatiens worker,,m,0,0,0,0,0,0,0,0,0,0,0,0,0,0,0,0,0,0,0,0,0,0,0,0,0,0,0,0,0,0,0,0,0,0,0,0,0,0,0,0,0,0,0,0,0,0,0,0,0,0,0,0,0,0,0,0,0,0,0,0,0,0,0,0,0,0,0,0,0,0,0,0,0,0,0,0,0,0,0,0,0,0,0,0,0,0,0,0,0,0,0,0
2020nov10_USDA_fungicides_2019_sample_110,Honeybee worker_04,0.115,Apis mellifera worker,,m,0,0,0,0,0,0,0,0,0,0,0,0,0,0,0,0,0,0,0,0,0,1,0,0,0,0,0,0,0,0.07,0,0,0,0,0,0,23.5,0,0,0,0,0,0,0,0,0,0,0,0,0,0,0,0,0,0,0,0,0,0,0,0,0,0,0,0,0,0,0,0,0,0,0,0,0,0,0,0,0,0.01,0,0,0,0,0,0.01,0,0,0,0,0,0,0
2020nov10_USDA_fungicides_2019_sample_139,Small Andrena_16,0.023,Andrena sp.,MT522.PKAS1,m,0,0,0,0,0,0,0,0,0,0,0,0,0,0,0,0,0,0,0,0,0,0,0,0,0.01,0,0,0,0,0,0,0,0,0,0,0,0,0,0,0,0,0,0,0,0,0,0,0,0,0,0,0,0,0,0,0,0,0,0,0,0,0,0,0,0,0,0,0,0,0,0,0,0,0,0,0.04,0,0,0,0,0,0,0,0,0,0,0,0,0,0,0,0
2020nov10_USDA_fungicides_2019_sample_163,Large Andrena_39,0.108,Andrena (Melandrena),MT522.NBAM1,m,0,0,0,0,13.7,0.14,0,0,0,0,0,0,0,0,0,0,0,0,0,0,0,0.04,0,0,0.5,0,0,0,0,0,0,0,0,0,0,0,0,0,0,0,0,0,0.6,0,0,0,0,0,0,0,0,0,0,0,0,0,0,0,0,0,0,0,0,0.04,0,0,0,0,0,0,0,0,0,0,0,4.8,0,0,0,0,0,0,0,0,0.01,0,0,0,0,0,0,0
2020nov10_USDA_fungicides_2019_sample_234,Apple flower_27,1.45,Apple flower,,n,0,0,0,0,0,0,0,0,0,0,0,0,0,0,0,0,0,0,0,0,0,11.9,0,0,0.8,0,0,0,0,0,0,0,0,0,0,0,0,0,0,0,0,0,59.4,0,0,0,0,0,0,0,0,0,0,0,0,0,0,0,0,1.6,0,0,0,1.4,0,0,0,0,0,0,0,0,0,0,0,155.6,0,0,0.2,0,0,0,0,0,0.2,0,0,0,0,0,0,0
2020nov10_USDA_fungicides_2019_sample_235,Apple flower_28,1.66,Apple flower,,n,0,0,0,0,0,0,0,0,0,0,0,0,0,0,0,0,0,0,0,0,0,8.9,0,0,1.4,0,0,0,0,0,0,0,0,0,0,0,0,0,0,0,0,0,123.4,0,0,0,0,0,0,0,0,2,0,0,0,0,0,0,0,1,0,0,1,2.1,0,0,0,0,0,0,0,0,0,0,0,575,0,0,0.8,0,0,0,0,0,0.4,0,0,0,0,0,0,0
2020nov10_USDA_fungicides_2019_sample_276,Dandelion flower_27,1.46,Dandelion flower,,n,0,0,0,0.2,0,0,0,0,0,0,0,0,0,0,0,0,0,0,0,0,0,15.4,0,0,0.5,0,0,0,0,0,0,0,0,0,0,0,0,0,0,0,0,0,29.7,0,0,0,0,0,0,0,0,0,0,0,0,0,0,0,0,2.4,0,0,0,0.5,0,0,0,0,0,0,0,0,0,0,0,89.2,0,0,0,0,0,0,0,0,0.2,0,0,0,0,0,0,0
2020nov10_USDA_fungicides_2019_sample_277,Dandelion flower_28,1.7,Dandelion flower,,n,0,0,0,0.2,0,0,0,0,0,0,0,0,0,0,0,0,0,0,0,0,0,6.3,0,0,0.2,0,0,0,0,2.1,0,0,0,0,0,0,0.8,0,0,0,0,0,12.6,0,0,0,0,0,0,0,0,0,0,0,0,0,0,0,0,1.1,0,0,0,0.5,0,0,0,0,0,0,0,0,0,0,0,29.1,0,0,0,0,0,0,0,0,0,0,0,0,0,0,0,0
2020nov10_USDA_fungicides_2019_sample_047,Bumblebee Queen_13,0.548,Bombus impatiens queen,N523.CUBI1,n,0,0,0,0,0,0,0,0,0,0,0,0,0,0,0,0,0,0,0,0,0,0.04,0,0,0.01,0,0,0,0,0,0,0,0,0,0,0,0.06,0,0,0,0,0,13.5,0,0,0,0,0,0,0,0,21.4,0,0,0,0,0,0,0,0.01,0,0,0,0,0,0,0,0,0,0,0,0,0,0,0,33.8,0,0,8.5,0,0,0,0,0,1,0,0,0,0,0,0,0
2020nov10_USDA_fungicides_2019_sample_050,Bumblebee Queen_16,0.586,Bombus impatiens queen,N524.CUBI1,n,0,0,0,0,0,0,0,0,0,0,0,0,0,0,0,0,0,0,0,0,0,0.04,0,0,0,0,0,0,0,0,0,0,0,0,0,0,0.3,0,0,0,0,0,24.8,0,0,0,0,0,0,0,0,7.5,0,0,0,0,0,0,0,0.01,0,0,0.07,0,0,0,0,0,0,0,0,0,0,0,0,93,0.2,0,3.9,0,0,0,0,0,0.5,0,0,0,2.1,0,0,0
2020nov10_USDA_fungicides_2019_sample_096,Bumblebee worker_11,0.118,Bombus impatiens worker,,n,0,0,0,0,0,0,0,0,0,0,0,0,0,0,0,0,0,0,0,0,0,0,0,0,0,0,0,0,0,0,0,0,0,0,0,0,0,0,0,0,0,0,0,0,0,0,0,0,0,0,0,0,0,0,0,0,0,0,0,0,0,0,0,0,0,0,0,0,0,0,0,0,0,0,0,0.04,0.5,0,0.01,0,0,0,0,0,0,0,0,0,0,0,0,0
2020nov10_USDA_fungicides_2019_sample_112,Honeybee worker_06,0.099,Apis mellifera worker,,n,0,0,0,0,119.2,0,0,0,0,0,0,0,0,0,0,0,0,0,0,0,0,0,0,0,0,0,0,0,0,0,0,0,0,0,0,0,0.06,0,0,0,0,0,27.1,0,0,0,0,0,0,0,0,0,0,0,0,0,0,0,0,0.5,0,0,0,0,0,0,0,0,0,0,0,0,0,0,0,88,1.6,0,0.7,0,0,0,0,0,40.1,0,0,0,0,0,0,8.9
2020nov10_USDA_fungicides_2019_sample_141,Small Andrena_18,0.021,Andrena sp.,N524.PKAS1,n,0,0,0,0,0,0,0,0,0,0,0,0,0,0,0,0,0,0,0,0,0,0,0,0,0,0,0,0,0,0,0,0,0,0,0,0,0,0,0,0,0,0,0.01,0,0,0,0,0,0,0,0,0,0,0,0,0,0,0,0,0,0,0,0,0,0,0,0,0,0,0,0,0,0,0,0,0,0.01,0,0.01,0,0,0,0,0,0,0,0,0,0,0,0,0
2020nov10_USDA_fungicides_2019_sample_158,Large Andrena_34,0.093,Andrena (Melandrena),N523.PMAM1,n,0,0,0,0,0.04,0,0,0,0,0,0,0,0,0,0,0,0,0,0,0,0,0,0,0,0.01,0,0,0,0,0,0,0,0,0,0,0,0.06,0,0,0,0,0,2.9,0,0,0,0,0,0,0,0,0.14,0,0,0,0,0,0,0,0.01,0,0,0,0,0,0,0,0,0,0,0,0,0,0,0,17.7,0,0,0.01,0,0,0,0,0,0.01,0,0,0,0,0,0,0
2020nov10_USDA_fungicides_2019_sample_246,Apple flower_39,1.57,Apple flower,,o,0,0,0,0,0,0,0,0,0,0,0,0,0,0,0,0,0,0,0,0,0,0,0,0,1.2,0,0,0,0,0,0,0,0,0,0,0,0,0,0,0,0,0,0,0,0,0,0,0,0,0,0,0,0,0,0,0,0,0,0,0,0,0,0,0.5,0,0,0,0,0,0,0,0,0,0,0,0,0,0,0,0,0,0,0,0,0,0,0,0,0,0,0,0
2020nov10_USDA_fungicides_2019_sample_247,Apple flower_40,1.4,Apple flower,,o,0,0,0,0,0,0,0,0,0,0,0,0,0,0,0,0,0,0,0,0,0,0,0.8,0,2.2,0,0,0,0,0,0,0,0,0,0,0,0,0,0,0,0,0,0,0,0,0,0,0,0,0,0,0,0,0,0,0,0,0,0,0,0,0,0,0.5,0,0,0,0,0,0,0,0,0,0,0,0.5,0,0,0,0,0,0,0,0,0,0,0,0,0,0,0,0
2020nov10_USDA_fungicides_2019_sample_284,Dandelion flower_35,1.4,Dandelion flower,,o,0,0,0,0,0,0,0,0,0,0,0,0,0,0,0,0,0,0,0,0,0,0.5,0,0,0.5,0,0,0,0,0,0,0,0,0,0,0,0,0,0,0,0,0,0,0,0,0,0.2,0,0,0,0,0,0,0,0,0,0,0,0,0,0,0,0,0.5,0,0,0,0,0,0,0,0,0,0,0,0,0,0,0,0,0,0,0,0,0,0,0,0,0,0,0,0
2020nov10_USDA_fungicides_2019_sample_285,Dandelion flower_36,2.15,Dandelion flower,,o,0,0,0,0,0,0,0,0,0,0,0,0,0,0,0,0,0,0,0,0,0,0,0,0,1.2,0,0,0,0,0,0,0,0,0,0,0,0,0,0,0,0,0,0,0,0,0,0,0,0,0,0,0,0,0,0,0,0,0,0,0,0,0,0,0.5,0,0,0,0,0,0,0,0,0,0,0,0,0,0,0,0,0,0,0,0,0,0,0,0,0,0,0,0
2020nov10_USDA_fungicides_2019_sample_043,Bumblebee Queen_09,0.539,Bombus impatiens queen,OK515.CUBI1,o,0,0,0,0,0,0,0,0,0,0,0,0,0,0,0,0,0,0,0,0,0,0,0,0,0,0,0,0,0,0,0,0,0,0,0,0,0,0,0,0,0,0,0.01,0,0,0,0,0,0,0,0,0,0,0,0,0,0,0,0,0,0,0,0,0,0,0,0,0,0,0,0,0,0,0,0,0.6,0,0,0.1,0,0,0,0,0,0,0,0,0,0,0,0,0
2020nov10_USDA_fungicides_2019_sample_079,Xylocopa_07,0.609,Xylocopa virginica,OK515.PMXV1,o,0,0,0,0.01,0,0,0,0,0,0,0,0,0,0,0,0,0,0,0,0,0,0,0,0,0,0,0,0,0,0,0,0,0,0,0,0,0,0,0,0,0,0,0.01,0,0,0,0,0,0,0,0,0,0,0,0,0,0,0,0,0,0,0,0,0,0,0,0,0,0,0,0,0,0,0,0,1.3,0,0,0,0,0,0,0,0,0,0,0,0,0,0,0,0
2020nov10_USDA_fungicides_2019_sample_093,Bumblebee worker_08,0.124,Bombus impatiens worker,,o,0,0,0,0,0,0,0,0,0,0,0,0,0,0,0,0,0,0,0,0,0,0,0,0,0,0,0,0,0,0,0,0,0,0,0,0,0,0,0,0,0,0,0,0,0,0,0,0,0,0,0,0,0,0,0,0,0,0,0,0,0,0,0,0,0,0,0,0,0,0,0,0,0,0,0,0,0,0,0,0,0,0,0,0,0,0,0,0,0,0,0,0
2020nov10_USDA_fungicides_2019_sample_132,Small Andrena_09,0.035,Andrena sp.,OK515.SMAS1,o,0,0,0,0,0,0,0,0,0,0,0,0,0,0,0,0,0,0,0,0,0,0,0,0,0,0,0,0,0,0,0,0,0,0,0,0,0,0,0,0,0,0,0,0,0,0,0,0,0,0,0,0,0,0,0,0,0,0,0,0,0,0,0,0,0,0,0,0,0,0,0,0,0,0,0,0,0,0,0,0,0,0,0,0,0,0,0,0,0,0,0,0
2020nov10_USDA_fungicides_2019_sample_150,Large Andrena_26,0.091,Andrena (Melandrena),OK515.PMAM2,o,0,0,0,0,0,0,0,0,0,0,0,0,0,0,0,0,0,0,0,0,0,0,0,0,0.01,0,0,0,0,0,0,0,0,0,0,0,0,0,0,0,0,0,0,0,0,0,0,0,0,0,0,0,0,0,0,0,0,0,0,0,0,0,0,0,0,0,0,0,0,0,0,0,0,0,0,0,0,0,0,0,0,0,0,0,0,0,0,0,0,0,0,0
2020nov10_USDA_fungicides_2019_sample_228,Apple flower_21,1.48,Apple flower,,p,0,0,0,0,0,0,0,0,0.5,0,0,0,0,0,0,0,0,0,0,0,0,46,0,0,0.9,0,0,0,0,0,0,0,0,0,0,0,2.4,0,0,0,0,0,43.8,0,10,0,0,0,0,0,0,10000,0,0,0,0,0,0,0,1.9,0,0,6.4,0,0,0,0,0,0,0,0,0,0,0,0,144.4,0,0,6.8,0,0,0,0,0,2,0,0,0,99.9,4.6,0,0
2020nov10_USDA_fungicides_2019_sample_229,Apple flower_22,1.8,Apple flower,,p,0,0,0,0,0,0,0,0,0,0,0,0,0,0,0,0,0,0,0,0,0,71.3,0,0,1,0,0,0,0,0,0,0,0,0,0,0,0,0,0,0,0,0,15.5,0,0,0,0,0,0,0,0,10000,0,0,0,0,0,0,0,2.2,0,0,0,0.5,0,0,0,0,0,0,0,0,0,0,0,14.6,0,0,0.6,0,0,0,0,0,0.2,0,0,0,99.6,0,0,0
2020nov10_USDA_fungicides_2019_sample_270,Dandelion flower_21,1.75,Dandelion flower,,p,0,0,0,0,0,0,0,0,0,0,0,0,0,0,0,0,0,0,0,0,0,19.5,0,0,0.2,0,0,0,0,0,0,0,0,0,0,0,0.8,0,0,0,0,0,4.4,0,0,0,0,0,0,0,0,10000,0,0,0,0,0,0,0,0.6,0,0,0,0.5,0,0,0,0,0,0,0,0,0,0,0,7.7,0,0,0,0,0,0,0,0,0,0,0,0,94.1,0,0,0
2020nov10_USDA_fungicides_2019_sample_271,Dandelion flower_22,1.55,Dandelion flower,,p,0,0,0,0,0,0,0,0,0,0,0,0,0,0,0,0,0,0,0,0,0,33.7,0,0,0.5,0,0,0,0,0,0,0,0,0,0,0,0.8,0,0,0,0,0,8.8,0,0,0,0,0,0,0,0,10000,0,0,0,0,0,0,0,1.1,0,0,0,0.5,0,0,0,0,0,0,0,0,0,0,0,12.7,0,0,0.2,0,0,0,0,0,0,0,0,0,153.3,0,0,0
2020nov10_USDA_fungicides_2019_sample_099,Bumblebee worker_14,0.171,Bombus impatiens worker,,p,0,0,0,0,0,0,0,0,0,0,0,0,0,0,0,0,0,0,0,0,0,0,0,0,0,0,0,0,0,0,0,0,0,0,0,0,0,0,0,0,0,0,0.01,0,0,0,0,0.01,0,0,0,0.14,0,0,0,0,0,0,0,0,0,0,0,0,0,0,0,0,0,0,0,0,0,0,0,1.2,0,0,0.01,0,0,0,0,0,0,0,0,0,0,0,0,0
2020nov10_USDA_fungicides_2019_sample_113,Honeybee worker_07,0.083,Apis mellifera worker,,p,0,0,0,0,132.6,0.14,0,0,0,0,0,0,0,0,0,0,0,0,0,0,0,0,0.06,0,0.01,0,0,0,0,0,0,0,0,0,0,0,3,0,0,0,0,0,0.01,0,0,0,0,15,0,0,0,121.1,0,0,0,0,0,0,0,0,0,0,0,0,0,0,0,0,0,0,0,0,0,0,0,0,0,0,0,0,0,0,0,0,0.01,0,0,0,0,0,0,0
2020nov10_USDA_fungicides_2019_sample_134,Small Andrena_11,0.023,Andrena sp.,P521.PKAS1,p,0,0,0,0,0,0,0,0,0,0,0,0,0,0,0,0,0,0,0,0,0,11.8,0,0,0,0,0,0,0,0,0,0,0,0,0,0,0.06,0,0,0,0,0,2.6,0,0,0,0,0,0,0,0,1935.7,0,0,0,0,0,0,0,0.01,0,0,0,0,0,0,0,0,0,0,0,0,0,0,0,15,0,0,3.5,0,0,0,0,0,0.01,0,0,0,0,0,0,0
2020nov10_USDA_fungicides_2019_sample_138,Small Andrena_15,0.023,Andrena sp.,P521.CUAS1,p,0,0,0,0,0,0,0,0,0,0,0,0,0,0,0,0,0,0,0,0,0,5.9,0,0,0,0,0,0,0,0,0,0,0,0,0,0,0,0,0,0,0,0,0.01,0,0,0,0,0,0,0,0,776.7,0,0,0,0,0,0,0,0,0,0,0,0,0,0,0,0,0,0,0,0,0,0,0,5.3,0,0,8,0,0,0,0,0,0,0,0,0,0,0,0,0
2020nov10_USDA_fungicides_2019_sample_148,Large Andrena_24,0.1,Andrena (Melandrena),P521.PLAM2,p,0,0,0,0,0.04,0,0,0,0,0,0,0,0,0,0,0,0,0,0,0,0,7.8,0,0,0,0,0,0,0,0,0,0,0,0,0,0,6.5,0,0,0,0,0,1.5,0,0,0,0,0,0,0,0,989.8,0,0,0,0,0,0,0,1.2,0,0,0,0,0,0,0,0,0,0,0,0,0,0,0,8.6,0,0,1.5,0,0,0,0,0,1.2,0,0,0,0,0,0,0
2020nov10_USDA_fungicides_2019_sample_219,Apple flower_13,0.78,Apple flower,,q,0,0,0,1.1,0,0,0,0,125.9,0,0,0,0,0,0,0,0,0,0,0,0,0,0,0,1.9,0,0,0,0,0,0,0,0,0,0,0,0.8,0,0,0,0,0,378.2,0,0,0,0,0,0,0,0,137.2,0,0,0,0,0,0,0,0,0,0,323.2,0.5,0,0,0,0,0,0,0,0,0,39.6,0,2298.5,0,0,165.4,0,0,0,0,0,313.3,0,0,0,0,0,0,0
2020nov10_USDA_fungicides_2019_sample_220,Apple flower_14,0.76,Apple flower,,q,0,0,0,0.8,0,0,0,0,336.1,0,0,0,0,0,0,0,0,0,0,0,0,0,0,0,1.8,0,0,0,0,0,0,0,0,0,0,0,0.8,0,0,0,0,0,331.9,0,0,0,0,0,0,0,0,83.9,0,0,0,0,0,0,0,0,0,0,66.4,0,0,0,0,0,0,0,0,0,0,49,0,1772.8,0,0,150.6,0,0,0,0,0,652.1,0,0,0,0,0,0,0
2020nov10_USDA_fungicides_2019_sample_257,Dandelion flower_09,1.11,Dandelion flower,,q,0,0,0,0.9,0,0,0,0,20.4,0,0,0,0,0,0,0,0,0,0,0,0,0,0,0,0.2,0,0,0,0,0,0,0,0,0,0,0,0,0,0,0,0,0,8.5,0,0,0,0,0,0,0,0,7.2,0,0,0,0,0,0,0,0,0,0,1,0,0,0,0,0,0,0,0,0,0,28.2,0,36.2,0,0,0.6,0,0,0,0,0,3.8,0,0,0,0,0,0,0
2020nov10_USDA_fungicides_2019_sample_258,Dandelion flower_10,1.15,Dandelion flower,,q,0,0,0,0.2,0,0,0,0,30.3,0,0,0,0,0,0,0,0,0,0,0,0,0,0,0,0.2,0,0,0,0,0,0,0,0,0,0,0,0.8,0,0,0,0,0,10.3,0,0,0,0,0,0,0,0,2,0,0,0,0,0,0,0,0,0,0,3.1,0,0,0,0,0,0,0,0,0,0,19.5,0,46.6,0,0,0.8,0,0,0,0,0,4,0,0,0,0,0,0,0
2020nov10_USDA_fungicides_2019_sample_038,Bumblebee Queen_04,0.665,Bombus impatiens queen,R520.PKBI1,q,0,0,0,0,0,0,0,0,1.3,0,0,0,0,0,0,0,0,0,0,0,0,0,0,0,0.01,0,0,0,0,0,0,0,0,0,0,0,0,0,0,0,0,0,2.7,0,0,0,0.01,0,0,0,0,1.2,0,0,0,0,0,0,0,0,0,0,0.8,0,0,0,0,0,0,0,0,2.7,0,0,0,32.2,0,0,1.9,0,0,0,0,0,14.8,0,0,0,0,0,0,0
2020nov10_USDA_fungicides_2019_sample_076,Xylocopa_04,0.337,Xylocopa virginica,R520.PKXV1,q,0,0,0,0.01,0,0,0,0,1.2,0,0,0,0,0,0,0,0,0,0,0,0,0,0,0,0.01,0,0,0,0,0,0,0,0,0,0,0,0,0,0,0,0,0,2.5,0,0,0,0,0,0,0,0,1.5,0,0,0,0,0,0,0,0,0,0,1.7,0,0,0,0,0,0,0,0,0,0,0,0,27.2,0,0,2.2,0,0,0,0,0,12.7,0.3,0,0,0,0,0,0
2020nov10_USDA_fungicides_2019_sample_087,Bumblebee worker_02,0.107,Bombus impatiens worker,,q,0,0,0,0,0,0,0,0,0,0,0,0,0,0,0,0,0,0,0,0,0,0,5,0,0,0,0,0,0,0,0,0,0,0,0,0,0,0,0,0,0,0,5.6,0,0,0,0,0,0,0,0,0,0,0,0,0,0,0,0,0,0,0,8.1,0,0,0,0,0,0,0,0,0,0,0,0,21.8,0,0,2.2,0,0,0,0,0,6.6,0,0,0,0,0,0,0
2020nov10_USDA_fungicides_2019_sample_122,Honeybee worker_16,0.093,Apis mellifera worker,,q,0,0,0,0,2.2,0,0,0,0,0,0,0,0,0,0,0,0,0,0,0,0,0,3.8,0,0,0,0,0,0,0,0,0,0,0,0,0,0,0,0,0,0,0,0,0,0,0,0,0,0,0,0,0,0,0,0,0,0,0,0,0,0,0,0,0,0,0,0,0,0,0,0,0,0,0,0,0,0,0,0.01,0,0,0,0,0,0,0,0,0,0,0,0,0
2020nov10_USDA_fungicides_2019_sample_124,Small Andrena_01,0.07,Andrena sp.,R520.PKAS1,q,0,0,0,0,0,0,0,0,13.5,0,0,0,0,0,0,0,0,0,0,0,0,0,0,0,0.01,0,0,0,0,0,0,0,0,0,0,0,0,0,0,0,0,0,16.6,0,0,0,0,0,0,0,0,9.2,0,0,0,0,0,0,0,0,0,0,8.4,0,0,0,0,0,0,0,0,0,0,0,0,175.8,0,0,9.1,0,0,0,0,0,36.4,0,0,0,0,0,0,0
2020nov10_USDA_fungicides_2019_sample_146,Large Andrena_22,0.102,Andrena (Melandrena),R520.CUAM1,q,0,0,0,0.01,1.1,0,0,0,0,0,0,0,0,0,0,0,0,0,0,0,0,0.04,0,0,1.1,0,0,0,0,0,0,0,0,0,0,0,0,0,0,0,0,0,0.8,0,0,0,0,0,0,0,0,0,0,0,0,0,0,0,0,0,0,0,0,0,0,0,0,0,0,0,0,0,0,0,0,4.1,0,0,0.01,0,0,0,0,0,0.01,0,0,0,0,0,0,0
2020nov10_USDA_fungicides_2019_sample_238,Apple flower_31,1.47,Apple flower,,r,0,0,0,0,0,0,0,0,0,0,0,0,0,0,0,0,0,0,0,0,0,2.2,0,0,1.7,0,0,0,0,0,0,0,0,0,0,0,2.7,0,0,0,0,0,1000,0,0,0,0,0,0,0,0,0,0,0,0,0,0,0,0,0.1,0,0,8.4,6.8,0,0,0,0,0,0,0,0,0,0,0,10000,0,0,0.5,0,0,0,0,0,1.1,0,0,0,0,0,0,0
2020nov10_USDA_fungicides_2019_sample_239,Apple flower_32,1.46,Apple flower,,r,0,0,0,0,0,0,0,0,0,0,0,0,0,0,0,0,0,0,0,0,0,0,0,0,2.9,0,0,0,0,0,0,0,0,0,0,0,0,0,0,0,0,0,19.8,0,0,0,0,0,0,0,0,0,0,0,0,0,0,0,0,0,0,0,1,0.5,0,0,0,0,0,0,0,0,0,0,0,34.1,0,0,0.2,0,0,0,0,0,0.2,0,0,0,0,0,0,0
2020nov10_USDA_fungicides_2019_sample_263,Dandelion flower_15,1.8,Dandelion flower,,r,0,0,0,0,0,0,0,0,0,0,0,0,0,0,0,0,0,0,0,0,0,0,0,0,0.4,0,0,0,0,0,0,0,0,0,0,0,0,0,0,0,0,0,1.7,0,0,0,0,0,0,0,0,0,0,0,0,0,0,0,0,0,0,0,0,0,0,0,0,0,0,0,0,0,0,0,0,4.5,0,0,0,0,0,0,0,0,0,0,0,0,0,0,0,0
2020nov10_USDA_fungicides_2019_sample_264,Dandelion flower_16,1.98,Dandelion flower,,r,0,0,0,0,0,0,0,0,0,0,0,0,0,0,0,0,0,0,0,0,0,0,0,0,0.3,0,0,0,0,0,0,0,0,0,0,0,0,0,0,0,0,0,2.4,0,0,0,0,0,0,0,0,0,0,0,0,0,0,0,0,0,0,0,0,0.5,0,0,0,0,0,0,0,0,0,0,0,4,0,0,0,0,0,0,0,0,0,0,0,0,0,0,0,0
2020nov10_USDA_fungicides_2019_sample_041,Bumblebee Queen_07,0.729,Bombus impatiens queen,S521.CUBI1,r,0,0,0,0,0,0,0,0,0,0,0,0,0,0,0,0,0,0,0,0,0,0,0,0,0.01,0,0,0,0,0,0,0,0,0,0,0,0,0,0,0,0,0,0.3,0,0,0,0,0,0,0,0,0,0,0,0,0,0,0,0,0,0,0,1.9,0,0,0,0,0,0,0,0,0,0,0,0,2.9,0,0,0.1,0,0,0,0,0,0.6,0,0,0,0,0,0,0
2020nov10_USDA_fungicides_2019_sample_101,Bumblebee worker_16,0.147,Bombus impatiens worker,,r,0,0,0,0,0,0,0,0,0,0,0,0,0,0,0,0,0,0,0,0,0,0,0.06,0,0,0,0,0,0,0,0,0,0,0,0,0,0,0,0,0,0,0,0,0,0,0,0,0,0,0,0,0,0,0,0,0,0,0,0,0,0,0,0,0,0,0,0,0,0,0,0,0,0,0,0,0.04,0,0,0.8,0,0,0,0,0.21,0,0,0,0,0,0,0,0
2020nov10_USDA_fungicides_2019_sample_108,Honeybee worker_02,0.081,Apis mellifera worker,,r,0,0,0,0,0,0,0,0,0,0,0,0,0,0,0,0,0,0,0,0,0,0,2.9,0,0.01,0,0,0,0,0,0,0,0,0,0,0,0,0,0,0,0,0,0,0,0,0,0,0,0,0,0,0,0,0,0,0,0,0,0,0,0,0,0,0,0,0,0,0,0,0,0,0,0,0,0,0,0,0,1.7,0,0,0,0,23.5,0,0,0,0,0,0,0,0
2020nov10_USDA_fungicides_2019_sample_130,Small Andrena_07,0.061,Andrena sp.,S521.NBAS2,r,0,0,0,0,0,0,0,0,0,0,0,0,0,0,0,0,0,0,0,0,0,0,0,0,0.01,0,0,0,0,0,0,0,0,0,0,0,0,0,0,0,0,0,0.7,0,0,0,0,0,0,0,0,0,0,0,0,0,0,0,0,0,0,0,0,0,0,0,0,0,0,0,0,0,0,0,0,3.2,0,0,0,0,0,0,0,0,0,0,0,0,0,0,0,0
2020nov10_USDA_fungicides_2019_sample_149,Large Andrena_25,0.087,Andrena (Melandrena),S521.BDAM1,r,0,0,0,0,0,0,0,0,0,0,0,0,0,0,0,0,0,0,0,0,0,0,0,0,0.7,0,0,0,0,0,0,0,0,0,0,0,0,0,0,0,0,0,0.01,0,0,0,0,0,0,0,0,0,0,0,0,0,0,0,0,0,0,0,0,0,0,0,0,0,0,0,0,0,0,0,0,2.4,0,0,0.01,0,0,0,0,0,0,0,0,0,0,0,0,0
2020nov10_USDA_fungicides_2019_sample_221,Apple flower_15,1.75,Apple flower,,s,0,0,0,0,0,0,0,0,0,0,0,0,0,0,0,0,0,0,0,0,0,0.5,0,0,0.8,0,0,0,0,0,0,0,0,0,0,0,0.8,0,0,0,0,0,55.7,0,0,0,0,0,0,0,0,11.9,0,0,0,0,0,0,0,6,0,0,1,0.5,0,0,0,0,0,0,0,0,0,0,0,164.2,0,0,7.8,0,0,0,0,0,14.1,0,0,0,0,0,0,0
2020nov10_USDA_fungicides_2019_sample_222,Apple flower_16,2.16,Apple flower,,s,0,0,0,0,0,0,0,0,0,0,0,0,0,0,0,0,0,0,0,0,0,0.5,0,0,0.7,0,0,0,0,0,0,0,0,0,0,0,0.8,0,0,0,0,0,57.8,0,0,0,3.1,0,0,0,0,6.8,0,0,0,0,0,0,0,2.9,0,0,1.5,0,0,0,0,0,0,0,0,0,0,0,0,74.2,0,0,8,0,0,0,0,0,9.2,0,0,0,0,0,0,0
2020nov10_USDA_fungicides_2019_sample_288,Dandelion flower_39,2.17,Dandelion flower,,s,0,0,0,0,0,0,0,0,0,0,0,0,0,0,0,0,0,0,0,0,0,0.5,0,0,0.2,0,0,0,0,0,0,0,0,0,0,0,0.8,0,0,0,0,0,5,0,0,0,0.2,0,0,0,0,4.4,0,0,0,0,0,0,0,2.9,0,0,0,0,0,0,0,0,0,0,0,0,0,0,0,6,0,0,2.1,0,0,0,0,0,1.1,0,0,0,0,0,0,0
2020nov10_USDA_fungicides_2019_sample_289,Dandelion flower_40,1.98,Dandelion flower,,s,0,0,0,0,0,0,0,0,0,0,0,0,0,0,0,0,0,0,0,0,0,0,0,0,0.2,0,0,0,0,0,0,0,0,0,0,0,0.8,0,0,0,0,0,5.7,0,0,0,0.2,0,0,0,0,6.2,0,0,0,0,0,0,0,1.9,0,0,2,0,0,0,0,0,0,0,0,0,0,0,0,14.5,0,0,5.9,0,0,0,0,0,2.7,0,0,0,0,0,0,0
2020nov10_USDA_fungicides_2019_sample_048,Bumblebee Queen_14,0.699,Bombus impatiens queen,V521.PMBI1,s,0,0,0,0,0,0,0,0,0,0,0,0,0,0,0,0,0,0,0,0,0,0,0,0,0.01,0,0,0,0,0,0,0,0,0,0,0,0.06,0,0,0,0,0,0.7,0,0,0,0,0,0,0,0,0.8,0,0,0,0,0,0,0,0.1,0,0,1.4,0,0,0,0,0,0,0,0,0,0,0,0,6.3,0,0,0.8,0,0,0,0,0,1.1,0,0,0,0,0,0,0
2020nov10_USDA_fungicides_2019_sample_103,Bumblebee worker_18,0.102,Bombus impatiens worker,,s,0,0,0,0,0.04,0,0,0,0,0,0,0,0,0,0,0,0,0,0,0,0,0,1.7,0,0,0,0,0,0,0,0,0,0,0,0,0,0,0,0,0,0,0,0,0,0,0,0,0,0,0,0,0,0,0,0,0,0,0,0,0,0,0,0,0,0,0,0,0,0,0,0,0,0,0,0,0,0,0,0,0,0,0,0,0,0.6,0,0,0,0,0,0,0
2020nov10_USDA_fungicides_2019_sample_115,Honeybee worker_09,0.128,Apis mellifera worker,,s,0,0,0,0,39.1,0,0,5.7,0,0,0,0,0,0,0,0,0,0,0,0,0,0,0.06,0,0,0,0,0,0,0,0,0,0,0,0,0,0,0,0,0,0,0,1.3,0,0,0,0,0,0,0,0,0,0,0,0,0,0,0,0,0.6,0,0,0,0,0,0,0,0,0,0,0,0,0,0,0,2.4,0,0,0,0,0,0,0,0,6.6,0,0,0,0,0,0,0
2020nov10_USDA_fungicides_2019_sample_143,Small Andrena_20,0.049,Andrena sp.,V521.PMAS1,s,0,0,0,0,0,0,0,0,0,0,0,0,0,0,0,0,0,0,0,0,0,0,0,0,0,0,0,0,0,0,0,0,0,0,0,0,0,0,0,0,0,0,1.5,0,0,0,0,0,0,0,0,0,0,0,0,0,0,0,0,1,0,0,4.9,0,0,0,0,0,0,0,0,0,0,0,0,9.2,0,0,1.3,0,0,0,0,0,1.7,0,0,0,0,0,0,0
2020nov10_USDA_fungicides_2019_sample_161,Large Andrena_37,0.089,Andrena (Melandrena),V521.PMAM1,s,0,0,0,0,0,0,0,0,0,0,0,0,0,0,0,0,0,0,0,0,0,0,0,0,0,0,0,0,0,0,0,0,0,0,0,0,0,0,0,0,0,0,1,0,0,0,0,0,0,0,0,0,0,0,0,0,0,0,0,0.01,0,0,3.4,0,0,0,0,0,0,0,0,0,0,0,0,7.2,0,0,2.9,0,0,0,0,0,1.4,0,0,0,0,0,0,0
2020nov10_USDA_fungicides_2019_sample_244,Apple flower_37,2.33,Apple flower,,t,0,0,0,0,0,0,0,0,0,0,0,0,0,0,0,0,0,0,0,0,0,0,0,0,0.2,0,0,0,0,0,0,0,0,0,0,0,0,0,0,0,0,0,0,0,0,0,0,0,0,0,0,0,0,0,0,0,0,0,0,0,0,0,0,0,0,0,0,0,0,0,0,0,0,0,0,0.7,0,0,0,0,0,0,0,0,0,0,0,0,0,0,0,0
2020nov10_USDA_fungicides_2019_sample_245,Apple flower_38,1.59,Apple flower,,t,0,0,0,0,0,0,0,0,0,0,0,0,0,0,0,0,0,0,0,0,0,0,0,0,0.2,0,0,0,0,0,0,0,0,0,0,0,0,0,0,0,0,0,0,0,0,0,0,0,0,0,0,0,0,0,0,0,0,0,0,0,0,0,0,0,0,0,0,0,0,0,0,0,0,0,0,0,0,0,0,0,0,0,0,0,0,0,0,0,0,0,0,0
2020nov10_USDA_fungicides_2019_sample_278,Dandelion flower_29,2.37,Dandelion flower,,t,0,0,0,0,0,0,0,0,0,0,0,0,0,0,0,0,0,0,0,0,0,0.5,0,0,0.2,0,0,0,0,0,0,0,0,0,0,0,0,0,0,0,0,0,0,0,0,0,0,0,0,0,0,0,0,0,0,0,0,0,0,0,0,0,0,0,0,0,0,0,0,0,0,0,0,0,0,0,0,0,0,0,0,0,0,0,0,0,0,0,0,0,0,0
2020nov10_USDA_fungicides_2019_sample_279,Dandelion flower_30,2.07,Dandelion flower,,t,0,0,0,0,0,0,0,0,0,0,0,0,0,0,0,0,0,0,0,0,0,0.5,0,0,0.2,0,0,0,0,0,0,0,0,0,0,0,0,0,0,0,0,0,0,0,0,0,0,0,0,0,0,0,0,0,0,0,0,0,0,0,0,0,0,0,0,0,0,0,0,0,0,0,0,0,0,0,0,0,0,0,0,0,0,0,0,0,0,0,0,0,0,0
2020nov10_USDA_fungicides_2019_sample_045,Bumblebee Queen_11,0.654,Bombus impatiens queen,WH516.CUBI1,t,0,0,0,0,0,0,0,0,0,0,0,0,0,0,0,0,0,0,0,0,0,0,0,0,0,0,0,0,0,0.07,0,0,0,0,0,0,0,0,0,0,0,0,0.01,0,0,0,0,0,0,0,0,0.9,0,0,0,0,0,0,0,0,0,0,0,0,0,0,0,0,0,0,0,0,0,0,0,0.5,0.01,0,1,0,0,0,0,0,0.1,0,0,0,0,0,0,0
2020nov10_USDA_fungicides_2019_sample_082,Xylocopa_10,0.437,Xylocopa virginica,WH516.CUXV1,t,0,0,0,0.01,0,0,0,0,0,0,0,0,0,0,0,0,0,0,0,0,0,0,0,0,0,0,0,0,0,0,0,0,0,0,0,0,0,0,0,0,0,0,0.5,0,0,0,0,0,0,0,0,0.14,0,0,0,0,0,0,0,0,0,0,0,0,0,0,0,0,0,0,0,0,0,0,0,0.04,0,0,0.4,0,0,0,0,0,0,0,0,0,0,0,0,0
2020nov10_USDA_fungicides_2019_sample_088,Bumblebee worker_03,0.145,Bombus impatiens worker,,t,0,0,0,0,0,0,0,0,0,0,0,0,0,0,0,0,0,0,0,0,0,0,0,0,0,0,0,0,0,0,0,0,0,0,0,0,0,0,0,0,0,0,0,0,0,0,0,0,0,0,0,0,0,0,0,0,0,0,0,0,0,0,0,0,0,0,0,0,0,0,0,0,0,0,0,0,0,0,0,0,0,0,0,0,0,0,0,0,0,0,0,0
2020nov10_USDA_fungicides_2019_sample_119,Honeybee worker_13,0.095,Apis mellifera worker,,t,0,0,0,0,33.7,0,0,0,0,0,0,0,0,0,0,0,0,0,0,0,0,0,0,0,0,0,0,0,0,0.07,0,0,0,0,0,0,0,0,0,0,0,0,0,0,0,0,0,0,0,0,0,0,0,0,0,0,0,0,0,0,0,0,0,0,0,0,0,0,0,0,0,0,0,0,0,0,0,0,0,0,0,0,0,0,0,0,0,0,0,0,0,0
2020nov10_USDA_fungicides_2019_sample_142,Small Andrena_19,0.044,Andrena sp.,WH516.PKAS1,t,0,0,0,0,0,0,0,0,0,0,0,0,0,0,0,0,0,0,0,0,0,0,0,0,0,0,0,0,0,0,0,0,0,0,0,0,0,0,0,0,0,0,0.01,0,0,0,0,0,0,0,0,0,0,0,0,0,0,0,0,0,0,0,0,0,0,0,0,0,0,0,0,0,0,0,0,0,0,0,0,0,0,0,0,0,0,0,0,0,0,0,0,0
2020nov10_USDA_fungicides_2019_sample_160,Large Andrena_36,0.101,Andrena (Melandrena),WH516.CUAM1,t,0,0,0,0,0,0,0,0,0,0,0,0,0,0,0,0,0,0,0,0,0,0,0,0,0,0,0,0,0,0,0,0,0,0,0,0,0,0,0,0,0,0,0,0,0,0,0,0,0,0,0,0,0,0,0,0,0,0,0,0,0,0,0,0,0,0,0,0,0,0,0,0,0,0,0,0.04,0,0,0.9,0,0,0,0,0,0,0,0,0,0,0,0,0
